chlor,lat,lon
346.5,-39.999733813632,-73.99647574113528
346.5,-39.999733813632,-73.9919841647147
346.5,-39.999733813632,-73.98749258829409
346.5,-39.999733813632,-73.9830010118735
346.5,-39.999733813632,-73.97850943545289
346.5,-39.999733813632,-73.9740178590323
346.5,-39.999733813632,-73.9695262826117
346.5,-39.999733813632,-73.9650347061911
346.5,-39.999733813632,-73.96054312977051
312.0,-39.999733813632,-73.95605155334991
312.0,-39.999733813632,-73.95155997692932
312.0,-39.999733813632,-73.94706840050871
312.0,-39.999733813632,-73.94257682408812
312.0,-39.999733813632,-73.93808524766752
312.0,-39.999733813632,-73.93359367124692
312.0,-39.999733813632,-73.92910209482632
312.0,-39.999733813632,-73.92461051840573
312.0,-39.999733813632,-73.92011894198512
235.0,-39.999733813632,-73.91562736556453
235.0,-39.999733813632,-73.91113578914393
235.0,-39.999733813632,-73.90664421272334
235.0,-39.999733813632,-73.90215263630274
235.0,-39.999733813632,-73.89766105988214
235.0,-39.999733813632,-73.89316948346155
235.0,-39.999733813632,-73.88867790704094
235.0,-39.999733813632,-73.88418633062035
235.0,-39.999733813632,-73.87969475419975
235.0,-39.999733813632,-73.87520317777916
187.0,-39.999733813632,-73.87071160135855
187.0,-39.999733813632,-73.86622002493796
187.0,-39.999733813632,-73.86172844851735
187.0,-39.999733813632,-73.85723687209676
187.0,-39.999733813632,-73.85274529567616
187.0,-39.999733813632,-73.84825371925557
187.0,-39.999733813632,-73.84376214283498
187.0,-39.999733813632,-73.83927056641437
187.0,-39.999733813632,-73.83477898999378
187.0,-39.999733813632,-73.83028741357317
187.0,-39.999733813632,-73.82579583715258
187.0,-39.999733813632,-73.82130426073198
187.0,-39.999733813632,-73.81681268431139
187.0,-39.999733813632,-73.81232110789078
187.0,-39.999733813632,-73.80782953147019
187.0,-39.999733813632,-73.80333795504959
187.0,-39.999733813632,-73.798846378629
187.0,-39.999733813632,-73.79435480220839
180.0,-39.999733813632,-73.7898632257878
180.0,-39.999733813632,-73.7853716493672
180.0,-39.999733813632,-73.7808800729466
180.0,-39.999733813632,-73.77638849652601
180.0,-39.999733813632,-73.7718969201054
180.0,-39.999733813632,-73.76740534368481
180.0,-39.999733813632,-73.76291376726421
180.0,-39.999733813632,-73.75842219084362
180.0,-39.999733813632,-73.75393061442301
216.0,-39.999733813632,-73.74943903800242
216.0,-39.999733813632,-73.74494746158182
216.0,-39.999733813632,-73.74045588516123
216.0,-39.999733813632,-73.73596430874062
216.0,-39.999733813632,-73.73147273232003
216.0,-39.999733813632,-73.72698115589944
216.0,-39.999733813632,-73.72248957947883
216.0,-39.999733813632,-73.71799800305824
216.0,-39.999733813632,-73.71350642663764
216.0,-39.999733813632,-73.70901485021705
290.0,-39.999733813632,-73.70452327379644
290.0,-39.999733813632,-73.70003169737585
290.0,-39.999733813632,-73.69554012095524
290.0,-39.999733813632,-73.69104854453465
290.0,-39.999733813632,-73.68655696811405
290.0,-39.999733813632,-73.68206539169346
290.0,-39.999733813632,-73.67757381527285
290.0,-39.999733813632,-73.67308223885226
290.0,-39.999733813632,-73.66859066243167
346.5,-39.9952422372114,-73.99647574113528
346.5,-39.9952422372114,-73.9919841647147
346.5,-39.9952422372114,-73.98749258829409
346.5,-39.9952422372114,-73.9830010118735
346.5,-39.9952422372114,-73.97850943545289
346.5,-39.9952422372114,-73.9740178590323
346.5,-39.9952422372114,-73.9695262826117
346.5,-39.9952422372114,-73.9650347061911
346.5,-39.9952422372114,-73.96054312977051
312.0,-39.9952422372114,-73.95605155334991
312.0,-39.9952422372114,-73.95155997692932
312.0,-39.9952422372114,-73.94706840050871
312.0,-39.9952422372114,-73.94257682408812
312.0,-39.9952422372114,-73.93808524766752
312.0,-39.9952422372114,-73.93359367124692
312.0,-39.9952422372114,-73.92910209482632
312.0,-39.9952422372114,-73.92461051840573
312.0,-39.9952422372114,-73.92011894198512
235.0,-39.9952422372114,-73.91562736556453
235.0,-39.9952422372114,-73.91113578914393
235.0,-39.9952422372114,-73.90664421272334
235.0,-39.9952422372114,-73.90215263630274
235.0,-39.9952422372114,-73.89766105988214
235.0,-39.9952422372114,-73.89316948346155
235.0,-39.9952422372114,-73.88867790704094
235.0,-39.9952422372114,-73.88418633062035
235.0,-39.9952422372114,-73.87969475419975
235.0,-39.9952422372114,-73.87520317777916
187.0,-39.9952422372114,-73.87071160135855
187.0,-39.9952422372114,-73.86622002493796
187.0,-39.9952422372114,-73.86172844851735
187.0,-39.9952422372114,-73.85723687209676
187.0,-39.9952422372114,-73.85274529567616
187.0,-39.9952422372114,-73.84825371925557
187.0,-39.9952422372114,-73.84376214283498
187.0,-39.9952422372114,-73.83927056641437
187.0,-39.9952422372114,-73.83477898999378
187.0,-39.9952422372114,-73.83028741357317
187.0,-39.9952422372114,-73.82579583715258
187.0,-39.9952422372114,-73.82130426073198
187.0,-39.9952422372114,-73.81681268431139
187.0,-39.9952422372114,-73.81232110789078
187.0,-39.9952422372114,-73.80782953147019
187.0,-39.9952422372114,-73.80333795504959
187.0,-39.9952422372114,-73.798846378629
187.0,-39.9952422372114,-73.79435480220839
180.0,-39.9952422372114,-73.7898632257878
180.0,-39.9952422372114,-73.7853716493672
180.0,-39.9952422372114,-73.7808800729466
180.0,-39.9952422372114,-73.77638849652601
180.0,-39.9952422372114,-73.7718969201054
180.0,-39.9952422372114,-73.76740534368481
180.0,-39.9952422372114,-73.76291376726421
180.0,-39.9952422372114,-73.75842219084362
180.0,-39.9952422372114,-73.75393061442301
216.0,-39.9952422372114,-73.74943903800242
216.0,-39.9952422372114,-73.74494746158182
216.0,-39.9952422372114,-73.74045588516123
216.0,-39.9952422372114,-73.73596430874062
216.0,-39.9952422372114,-73.73147273232003
216.0,-39.9952422372114,-73.72698115589944
216.0,-39.9952422372114,-73.72248957947883
216.0,-39.9952422372114,-73.71799800305824
216.0,-39.9952422372114,-73.71350642663764
216.0,-39.9952422372114,-73.70901485021705
290.0,-39.9952422372114,-73.70452327379644
290.0,-39.9952422372114,-73.70003169737585
290.0,-39.9952422372114,-73.69554012095524
290.0,-39.9952422372114,-73.69104854453465
290.0,-39.9952422372114,-73.68655696811405
290.0,-39.9952422372114,-73.68206539169346
290.0,-39.9952422372114,-73.67757381527285
290.0,-39.9952422372114,-73.67308223885226
290.0,-39.9952422372114,-73.66859066243167
346.5,-39.9907506607908,-73.99647574113528
346.5,-39.9907506607908,-73.9919841647147
346.5,-39.9907506607908,-73.98749258829409
346.5,-39.9907506607908,-73.9830010118735
346.5,-39.9907506607908,-73.97850943545289
346.5,-39.9907506607908,-73.9740178590323
346.5,-39.9907506607908,-73.9695262826117
346.5,-39.9907506607908,-73.9650347061911
346.5,-39.9907506607908,-73.96054312977051
312.0,-39.9907506607908,-73.95605155334991
312.0,-39.9907506607908,-73.95155997692932
312.0,-39.9907506607908,-73.94706840050871
312.0,-39.9907506607908,-73.94257682408812
312.0,-39.9907506607908,-73.93808524766752
312.0,-39.9907506607908,-73.93359367124692
312.0,-39.9907506607908,-73.92910209482632
312.0,-39.9907506607908,-73.92461051840573
312.0,-39.9907506607908,-73.92011894198512
235.0,-39.9907506607908,-73.91562736556453
235.0,-39.9907506607908,-73.91113578914393
235.0,-39.9907506607908,-73.90664421272334
235.0,-39.9907506607908,-73.90215263630274
235.0,-39.9907506607908,-73.89766105988214
235.0,-39.9907506607908,-73.89316948346155
235.0,-39.9907506607908,-73.88867790704094
235.0,-39.9907506607908,-73.88418633062035
235.0,-39.9907506607908,-73.87969475419975
235.0,-39.9907506607908,-73.87520317777916
187.0,-39.9907506607908,-73.87071160135855
187.0,-39.9907506607908,-73.86622002493796
187.0,-39.9907506607908,-73.86172844851735
187.0,-39.9907506607908,-73.85723687209676
187.0,-39.9907506607908,-73.85274529567616
187.0,-39.9907506607908,-73.84825371925557
187.0,-39.9907506607908,-73.84376214283498
187.0,-39.9907506607908,-73.83927056641437
187.0,-39.9907506607908,-73.83477898999378
187.0,-39.9907506607908,-73.83028741357317
187.0,-39.9907506607908,-73.82579583715258
187.0,-39.9907506607908,-73.82130426073198
187.0,-39.9907506607908,-73.81681268431139
187.0,-39.9907506607908,-73.81232110789078
187.0,-39.9907506607908,-73.80782953147019
187.0,-39.9907506607908,-73.80333795504959
187.0,-39.9907506607908,-73.798846378629
187.0,-39.9907506607908,-73.79435480220839
180.0,-39.9907506607908,-73.7898632257878
180.0,-39.9907506607908,-73.7853716493672
180.0,-39.9907506607908,-73.7808800729466
180.0,-39.9907506607908,-73.77638849652601
180.0,-39.9907506607908,-73.7718969201054
180.0,-39.9907506607908,-73.76740534368481
180.0,-39.9907506607908,-73.76291376726421
180.0,-39.9907506607908,-73.75842219084362
180.0,-39.9907506607908,-73.75393061442301
216.0,-39.9907506607908,-73.74943903800242
216.0,-39.9907506607908,-73.74494746158182
216.0,-39.9907506607908,-73.74045588516123
216.0,-39.9907506607908,-73.73596430874062
216.0,-39.9907506607908,-73.73147273232003
216.0,-39.9907506607908,-73.72698115589944
216.0,-39.9907506607908,-73.72248957947883
216.0,-39.9907506607908,-73.71799800305824
216.0,-39.9907506607908,-73.71350642663764
216.0,-39.9907506607908,-73.70901485021705
290.0,-39.9907506607908,-73.70452327379644
290.0,-39.9907506607908,-73.70003169737585
290.0,-39.9907506607908,-73.69554012095524
290.0,-39.9907506607908,-73.69104854453465
290.0,-39.9907506607908,-73.68655696811405
290.0,-39.9907506607908,-73.68206539169346
290.0,-39.9907506607908,-73.67757381527285
290.0,-39.9907506607908,-73.67308223885226
290.0,-39.9907506607908,-73.66859066243167
346.5,-39.986259084370204,-73.99647574113528
346.5,-39.986259084370204,-73.9919841647147
346.5,-39.986259084370204,-73.98749258829409
346.5,-39.986259084370204,-73.9830010118735
346.5,-39.986259084370204,-73.97850943545289
346.5,-39.986259084370204,-73.9740178590323
346.5,-39.986259084370204,-73.9695262826117
346.5,-39.986259084370204,-73.9650347061911
346.5,-39.986259084370204,-73.96054312977051
312.0,-39.986259084370204,-73.95605155334991
312.0,-39.986259084370204,-73.95155997692932
312.0,-39.986259084370204,-73.94706840050871
312.0,-39.986259084370204,-73.94257682408812
312.0,-39.986259084370204,-73.93808524766752
312.0,-39.986259084370204,-73.93359367124692
312.0,-39.986259084370204,-73.92910209482632
312.0,-39.986259084370204,-73.92461051840573
312.0,-39.986259084370204,-73.92011894198512
235.0,-39.986259084370204,-73.91562736556453
235.0,-39.986259084370204,-73.91113578914393
235.0,-39.986259084370204,-73.90664421272334
235.0,-39.986259084370204,-73.90215263630274
235.0,-39.986259084370204,-73.89766105988214
235.0,-39.986259084370204,-73.89316948346155
235.0,-39.986259084370204,-73.88867790704094
235.0,-39.986259084370204,-73.88418633062035
235.0,-39.986259084370204,-73.87969475419975
235.0,-39.986259084370204,-73.87520317777916
187.0,-39.986259084370204,-73.87071160135855
187.0,-39.986259084370204,-73.86622002493796
187.0,-39.986259084370204,-73.86172844851735
187.0,-39.986259084370204,-73.85723687209676
187.0,-39.986259084370204,-73.85274529567616
187.0,-39.986259084370204,-73.84825371925557
187.0,-39.986259084370204,-73.84376214283498
187.0,-39.986259084370204,-73.83927056641437
187.0,-39.986259084370204,-73.83477898999378
187.0,-39.986259084370204,-73.83028741357317
187.0,-39.986259084370204,-73.82579583715258
187.0,-39.986259084370204,-73.82130426073198
187.0,-39.986259084370204,-73.81681268431139
187.0,-39.986259084370204,-73.81232110789078
187.0,-39.986259084370204,-73.80782953147019
187.0,-39.986259084370204,-73.80333795504959
187.0,-39.986259084370204,-73.798846378629
187.0,-39.986259084370204,-73.79435480220839
180.0,-39.986259084370204,-73.7898632257878
180.0,-39.986259084370204,-73.7853716493672
180.0,-39.986259084370204,-73.7808800729466
180.0,-39.986259084370204,-73.77638849652601
180.0,-39.986259084370204,-73.7718969201054
180.0,-39.986259084370204,-73.76740534368481
180.0,-39.986259084370204,-73.76291376726421
180.0,-39.986259084370204,-73.75842219084362
180.0,-39.986259084370204,-73.75393061442301
216.0,-39.986259084370204,-73.74943903800242
216.0,-39.986259084370204,-73.74494746158182
216.0,-39.986259084370204,-73.74045588516123
216.0,-39.986259084370204,-73.73596430874062
216.0,-39.986259084370204,-73.73147273232003
216.0,-39.986259084370204,-73.72698115589944
216.0,-39.986259084370204,-73.72248957947883
216.0,-39.986259084370204,-73.71799800305824
216.0,-39.986259084370204,-73.71350642663764
216.0,-39.986259084370204,-73.70901485021705
290.0,-39.986259084370204,-73.70452327379644
290.0,-39.986259084370204,-73.70003169737585
290.0,-39.986259084370204,-73.69554012095524
290.0,-39.986259084370204,-73.69104854453465
290.0,-39.986259084370204,-73.68655696811405
290.0,-39.986259084370204,-73.68206539169346
290.0,-39.986259084370204,-73.67757381527285
290.0,-39.986259084370204,-73.67308223885226
290.0,-39.986259084370204,-73.66859066243167
346.5,-39.981767507949606,-73.99647574113528
346.5,-39.981767507949606,-73.9919841647147
346.5,-39.981767507949606,-73.98749258829409
346.5,-39.981767507949606,-73.9830010118735
346.5,-39.981767507949606,-73.97850943545289
346.5,-39.981767507949606,-73.9740178590323
346.5,-39.981767507949606,-73.9695262826117
346.5,-39.981767507949606,-73.9650347061911
346.5,-39.981767507949606,-73.96054312977051
312.0,-39.981767507949606,-73.95605155334991
312.0,-39.981767507949606,-73.95155997692932
312.0,-39.981767507949606,-73.94706840050871
312.0,-39.981767507949606,-73.94257682408812
312.0,-39.981767507949606,-73.93808524766752
312.0,-39.981767507949606,-73.93359367124692
312.0,-39.981767507949606,-73.92910209482632
312.0,-39.981767507949606,-73.92461051840573
312.0,-39.981767507949606,-73.92011894198512
235.0,-39.981767507949606,-73.91562736556453
235.0,-39.981767507949606,-73.91113578914393
235.0,-39.981767507949606,-73.90664421272334
235.0,-39.981767507949606,-73.90215263630274
235.0,-39.981767507949606,-73.89766105988214
235.0,-39.981767507949606,-73.89316948346155
235.0,-39.981767507949606,-73.88867790704094
235.0,-39.981767507949606,-73.88418633062035
235.0,-39.981767507949606,-73.87969475419975
235.0,-39.981767507949606,-73.87520317777916
187.0,-39.981767507949606,-73.87071160135855
187.0,-39.981767507949606,-73.86622002493796
187.0,-39.981767507949606,-73.86172844851735
187.0,-39.981767507949606,-73.85723687209676
187.0,-39.981767507949606,-73.85274529567616
187.0,-39.981767507949606,-73.84825371925557
187.0,-39.981767507949606,-73.84376214283498
187.0,-39.981767507949606,-73.83927056641437
187.0,-39.981767507949606,-73.83477898999378
187.0,-39.981767507949606,-73.83028741357317
187.0,-39.981767507949606,-73.82579583715258
187.0,-39.981767507949606,-73.82130426073198
187.0,-39.981767507949606,-73.81681268431139
187.0,-39.981767507949606,-73.81232110789078
187.0,-39.981767507949606,-73.80782953147019
187.0,-39.981767507949606,-73.80333795504959
187.0,-39.981767507949606,-73.798846378629
187.0,-39.981767507949606,-73.79435480220839
180.0,-39.981767507949606,-73.7898632257878
180.0,-39.981767507949606,-73.7853716493672
180.0,-39.981767507949606,-73.7808800729466
180.0,-39.981767507949606,-73.77638849652601
180.0,-39.981767507949606,-73.7718969201054
180.0,-39.981767507949606,-73.76740534368481
180.0,-39.981767507949606,-73.76291376726421
180.0,-39.981767507949606,-73.75842219084362
180.0,-39.981767507949606,-73.75393061442301
216.0,-39.981767507949606,-73.74943903800242
216.0,-39.981767507949606,-73.74494746158182
216.0,-39.981767507949606,-73.74045588516123
216.0,-39.981767507949606,-73.73596430874062
216.0,-39.981767507949606,-73.73147273232003
216.0,-39.981767507949606,-73.72698115589944
216.0,-39.981767507949606,-73.72248957947883
216.0,-39.981767507949606,-73.71799800305824
216.0,-39.981767507949606,-73.71350642663764
216.0,-39.981767507949606,-73.70901485021705
290.0,-39.981767507949606,-73.70452327379644
290.0,-39.981767507949606,-73.70003169737585
290.0,-39.981767507949606,-73.69554012095524
290.0,-39.981767507949606,-73.69104854453465
290.0,-39.981767507949606,-73.68655696811405
290.0,-39.981767507949606,-73.68206539169346
290.0,-39.981767507949606,-73.67757381527285
290.0,-39.981767507949606,-73.67308223885226
290.0,-39.981767507949606,-73.66859066243167
346.5,-39.97727593152901,-73.99647574113528
346.5,-39.97727593152901,-73.9919841647147
346.5,-39.97727593152901,-73.98749258829409
346.5,-39.97727593152901,-73.9830010118735
346.5,-39.97727593152901,-73.97850943545289
346.5,-39.97727593152901,-73.9740178590323
346.5,-39.97727593152901,-73.9695262826117
346.5,-39.97727593152901,-73.9650347061911
346.5,-39.97727593152901,-73.96054312977051
312.0,-39.97727593152901,-73.95605155334991
312.0,-39.97727593152901,-73.95155997692932
312.0,-39.97727593152901,-73.94706840050871
312.0,-39.97727593152901,-73.94257682408812
312.0,-39.97727593152901,-73.93808524766752
312.0,-39.97727593152901,-73.93359367124692
312.0,-39.97727593152901,-73.92910209482632
312.0,-39.97727593152901,-73.92461051840573
312.0,-39.97727593152901,-73.92011894198512
235.0,-39.97727593152901,-73.91562736556453
235.0,-39.97727593152901,-73.91113578914393
235.0,-39.97727593152901,-73.90664421272334
235.0,-39.97727593152901,-73.90215263630274
235.0,-39.97727593152901,-73.89766105988214
235.0,-39.97727593152901,-73.89316948346155
235.0,-39.97727593152901,-73.88867790704094
235.0,-39.97727593152901,-73.88418633062035
235.0,-39.97727593152901,-73.87969475419975
235.0,-39.97727593152901,-73.87520317777916
187.0,-39.97727593152901,-73.87071160135855
187.0,-39.97727593152901,-73.86622002493796
187.0,-39.97727593152901,-73.86172844851735
187.0,-39.97727593152901,-73.85723687209676
187.0,-39.97727593152901,-73.85274529567616
187.0,-39.97727593152901,-73.84825371925557
187.0,-39.97727593152901,-73.84376214283498
187.0,-39.97727593152901,-73.83927056641437
187.0,-39.97727593152901,-73.83477898999378
187.0,-39.97727593152901,-73.83028741357317
187.0,-39.97727593152901,-73.82579583715258
187.0,-39.97727593152901,-73.82130426073198
187.0,-39.97727593152901,-73.81681268431139
187.0,-39.97727593152901,-73.81232110789078
187.0,-39.97727593152901,-73.80782953147019
187.0,-39.97727593152901,-73.80333795504959
187.0,-39.97727593152901,-73.798846378629
187.0,-39.97727593152901,-73.79435480220839
180.0,-39.97727593152901,-73.7898632257878
180.0,-39.97727593152901,-73.7853716493672
180.0,-39.97727593152901,-73.7808800729466
180.0,-39.97727593152901,-73.77638849652601
180.0,-39.97727593152901,-73.7718969201054
180.0,-39.97727593152901,-73.76740534368481
180.0,-39.97727593152901,-73.76291376726421
180.0,-39.97727593152901,-73.75842219084362
180.0,-39.97727593152901,-73.75393061442301
216.0,-39.97727593152901,-73.74943903800242
216.0,-39.97727593152901,-73.74494746158182
216.0,-39.97727593152901,-73.74045588516123
216.0,-39.97727593152901,-73.73596430874062
216.0,-39.97727593152901,-73.73147273232003
216.0,-39.97727593152901,-73.72698115589944
216.0,-39.97727593152901,-73.72248957947883
216.0,-39.97727593152901,-73.71799800305824
216.0,-39.97727593152901,-73.71350642663764
216.0,-39.97727593152901,-73.70901485021705
290.0,-39.97727593152901,-73.70452327379644
290.0,-39.97727593152901,-73.70003169737585
290.0,-39.97727593152901,-73.69554012095524
290.0,-39.97727593152901,-73.69104854453465
290.0,-39.97727593152901,-73.68655696811405
290.0,-39.97727593152901,-73.68206539169346
290.0,-39.97727593152901,-73.67757381527285
290.0,-39.97727593152901,-73.67308223885226
290.0,-39.97727593152901,-73.66859066243167
346.5,-39.97278435510841,-73.99647574113528
346.5,-39.97278435510841,-73.9919841647147
346.5,-39.97278435510841,-73.98749258829409
346.5,-39.97278435510841,-73.9830010118735
346.5,-39.97278435510841,-73.97850943545289
346.5,-39.97278435510841,-73.9740178590323
346.5,-39.97278435510841,-73.9695262826117
346.5,-39.97278435510841,-73.9650347061911
346.5,-39.97278435510841,-73.96054312977051
312.0,-39.97278435510841,-73.95605155334991
312.0,-39.97278435510841,-73.95155997692932
312.0,-39.97278435510841,-73.94706840050871
312.0,-39.97278435510841,-73.94257682408812
312.0,-39.97278435510841,-73.93808524766752
312.0,-39.97278435510841,-73.93359367124692
312.0,-39.97278435510841,-73.92910209482632
312.0,-39.97278435510841,-73.92461051840573
312.0,-39.97278435510841,-73.92011894198512
235.0,-39.97278435510841,-73.91562736556453
235.0,-39.97278435510841,-73.91113578914393
235.0,-39.97278435510841,-73.90664421272334
235.0,-39.97278435510841,-73.90215263630274
235.0,-39.97278435510841,-73.89766105988214
235.0,-39.97278435510841,-73.89316948346155
235.0,-39.97278435510841,-73.88867790704094
235.0,-39.97278435510841,-73.88418633062035
235.0,-39.97278435510841,-73.87969475419975
235.0,-39.97278435510841,-73.87520317777916
187.0,-39.97278435510841,-73.87071160135855
187.0,-39.97278435510841,-73.86622002493796
187.0,-39.97278435510841,-73.86172844851735
187.0,-39.97278435510841,-73.85723687209676
187.0,-39.97278435510841,-73.85274529567616
187.0,-39.97278435510841,-73.84825371925557
187.0,-39.97278435510841,-73.84376214283498
187.0,-39.97278435510841,-73.83927056641437
187.0,-39.97278435510841,-73.83477898999378
187.0,-39.97278435510841,-73.83028741357317
187.0,-39.97278435510841,-73.82579583715258
187.0,-39.97278435510841,-73.82130426073198
187.0,-39.97278435510841,-73.81681268431139
187.0,-39.97278435510841,-73.81232110789078
187.0,-39.97278435510841,-73.80782953147019
187.0,-39.97278435510841,-73.80333795504959
187.0,-39.97278435510841,-73.798846378629
187.0,-39.97278435510841,-73.79435480220839
180.0,-39.97278435510841,-73.7898632257878
180.0,-39.97278435510841,-73.7853716493672
180.0,-39.97278435510841,-73.7808800729466
180.0,-39.97278435510841,-73.77638849652601
180.0,-39.97278435510841,-73.7718969201054
180.0,-39.97278435510841,-73.76740534368481
180.0,-39.97278435510841,-73.76291376726421
180.0,-39.97278435510841,-73.75842219084362
180.0,-39.97278435510841,-73.75393061442301
216.0,-39.97278435510841,-73.74943903800242
216.0,-39.97278435510841,-73.74494746158182
216.0,-39.97278435510841,-73.74045588516123
216.0,-39.97278435510841,-73.73596430874062
216.0,-39.97278435510841,-73.73147273232003
216.0,-39.97278435510841,-73.72698115589944
216.0,-39.97278435510841,-73.72248957947883
216.0,-39.97278435510841,-73.71799800305824
216.0,-39.97278435510841,-73.71350642663764
216.0,-39.97278435510841,-73.70901485021705
290.0,-39.97278435510841,-73.70452327379644
290.0,-39.97278435510841,-73.70003169737585
290.0,-39.97278435510841,-73.69554012095524
290.0,-39.97278435510841,-73.69104854453465
290.0,-39.97278435510841,-73.68655696811405
290.0,-39.97278435510841,-73.68206539169346
290.0,-39.97278435510841,-73.67757381527285
290.0,-39.97278435510841,-73.67308223885226
290.0,-39.97278435510841,-73.66859066243167
346.5,-39.96829277868781,-73.99647574113528
346.5,-39.96829277868781,-73.9919841647147
346.5,-39.96829277868781,-73.98749258829409
346.5,-39.96829277868781,-73.9830010118735
346.5,-39.96829277868781,-73.97850943545289
346.5,-39.96829277868781,-73.9740178590323
346.5,-39.96829277868781,-73.9695262826117
346.5,-39.96829277868781,-73.9650347061911
346.5,-39.96829277868781,-73.96054312977051
312.0,-39.96829277868781,-73.95605155334991
312.0,-39.96829277868781,-73.95155997692932
312.0,-39.96829277868781,-73.94706840050871
312.0,-39.96829277868781,-73.94257682408812
312.0,-39.96829277868781,-73.93808524766752
312.0,-39.96829277868781,-73.93359367124692
312.0,-39.96829277868781,-73.92910209482632
312.0,-39.96829277868781,-73.92461051840573
312.0,-39.96829277868781,-73.92011894198512
235.0,-39.96829277868781,-73.91562736556453
235.0,-39.96829277868781,-73.91113578914393
235.0,-39.96829277868781,-73.90664421272334
235.0,-39.96829277868781,-73.90215263630274
235.0,-39.96829277868781,-73.89766105988214
235.0,-39.96829277868781,-73.89316948346155
235.0,-39.96829277868781,-73.88867790704094
235.0,-39.96829277868781,-73.88418633062035
235.0,-39.96829277868781,-73.87969475419975
235.0,-39.96829277868781,-73.87520317777916
187.0,-39.96829277868781,-73.87071160135855
187.0,-39.96829277868781,-73.86622002493796
187.0,-39.96829277868781,-73.86172844851735
187.0,-39.96829277868781,-73.85723687209676
187.0,-39.96829277868781,-73.85274529567616
187.0,-39.96829277868781,-73.84825371925557
187.0,-39.96829277868781,-73.84376214283498
187.0,-39.96829277868781,-73.83927056641437
187.0,-39.96829277868781,-73.83477898999378
187.0,-39.96829277868781,-73.83028741357317
187.0,-39.96829277868781,-73.82579583715258
187.0,-39.96829277868781,-73.82130426073198
187.0,-39.96829277868781,-73.81681268431139
187.0,-39.96829277868781,-73.81232110789078
187.0,-39.96829277868781,-73.80782953147019
187.0,-39.96829277868781,-73.80333795504959
187.0,-39.96829277868781,-73.798846378629
187.0,-39.96829277868781,-73.79435480220839
180.0,-39.96829277868781,-73.7898632257878
180.0,-39.96829277868781,-73.7853716493672
180.0,-39.96829277868781,-73.7808800729466
180.0,-39.96829277868781,-73.77638849652601
180.0,-39.96829277868781,-73.7718969201054
180.0,-39.96829277868781,-73.76740534368481
180.0,-39.96829277868781,-73.76291376726421
180.0,-39.96829277868781,-73.75842219084362
180.0,-39.96829277868781,-73.75393061442301
216.0,-39.96829277868781,-73.74943903800242
216.0,-39.96829277868781,-73.74494746158182
216.0,-39.96829277868781,-73.74045588516123
216.0,-39.96829277868781,-73.73596430874062
216.0,-39.96829277868781,-73.73147273232003
216.0,-39.96829277868781,-73.72698115589944
216.0,-39.96829277868781,-73.72248957947883
216.0,-39.96829277868781,-73.71799800305824
216.0,-39.96829277868781,-73.71350642663764
216.0,-39.96829277868781,-73.70901485021705
290.0,-39.96829277868781,-73.70452327379644
290.0,-39.96829277868781,-73.70003169737585
290.0,-39.96829277868781,-73.69554012095524
290.0,-39.96829277868781,-73.69104854453465
290.0,-39.96829277868781,-73.68655696811405
290.0,-39.96829277868781,-73.68206539169346
290.0,-39.96829277868781,-73.67757381527285
290.0,-39.96829277868781,-73.67308223885226
290.0,-39.96829277868781,-73.66859066243167
346.5,-39.96380120226721,-73.99647574113528
346.5,-39.96380120226721,-73.9919841647147
346.5,-39.96380120226721,-73.98749258829409
346.5,-39.96380120226721,-73.9830010118735
346.5,-39.96380120226721,-73.97850943545289
346.5,-39.96380120226721,-73.9740178590323
346.5,-39.96380120226721,-73.9695262826117
346.5,-39.96380120226721,-73.9650347061911
346.5,-39.96380120226721,-73.96054312977051
312.0,-39.96380120226721,-73.95605155334991
312.0,-39.96380120226721,-73.95155997692932
312.0,-39.96380120226721,-73.94706840050871
312.0,-39.96380120226721,-73.94257682408812
312.0,-39.96380120226721,-73.93808524766752
312.0,-39.96380120226721,-73.93359367124692
312.0,-39.96380120226721,-73.92910209482632
312.0,-39.96380120226721,-73.92461051840573
312.0,-39.96380120226721,-73.92011894198512
235.0,-39.96380120226721,-73.91562736556453
235.0,-39.96380120226721,-73.91113578914393
235.0,-39.96380120226721,-73.90664421272334
235.0,-39.96380120226721,-73.90215263630274
235.0,-39.96380120226721,-73.89766105988214
235.0,-39.96380120226721,-73.89316948346155
235.0,-39.96380120226721,-73.88867790704094
235.0,-39.96380120226721,-73.88418633062035
235.0,-39.96380120226721,-73.87969475419975
235.0,-39.96380120226721,-73.87520317777916
187.0,-39.96380120226721,-73.87071160135855
187.0,-39.96380120226721,-73.86622002493796
187.0,-39.96380120226721,-73.86172844851735
187.0,-39.96380120226721,-73.85723687209676
187.0,-39.96380120226721,-73.85274529567616
187.0,-39.96380120226721,-73.84825371925557
187.0,-39.96380120226721,-73.84376214283498
187.0,-39.96380120226721,-73.83927056641437
187.0,-39.96380120226721,-73.83477898999378
187.0,-39.96380120226721,-73.83028741357317
187.0,-39.96380120226721,-73.82579583715258
187.0,-39.96380120226721,-73.82130426073198
187.0,-39.96380120226721,-73.81681268431139
187.0,-39.96380120226721,-73.81232110789078
187.0,-39.96380120226721,-73.80782953147019
187.0,-39.96380120226721,-73.80333795504959
187.0,-39.96380120226721,-73.798846378629
187.0,-39.96380120226721,-73.79435480220839
180.0,-39.96380120226721,-73.7898632257878
180.0,-39.96380120226721,-73.7853716493672
180.0,-39.96380120226721,-73.7808800729466
180.0,-39.96380120226721,-73.77638849652601
180.0,-39.96380120226721,-73.7718969201054
180.0,-39.96380120226721,-73.76740534368481
180.0,-39.96380120226721,-73.76291376726421
180.0,-39.96380120226721,-73.75842219084362
180.0,-39.96380120226721,-73.75393061442301
216.0,-39.96380120226721,-73.74943903800242
216.0,-39.96380120226721,-73.74494746158182
216.0,-39.96380120226721,-73.74045588516123
216.0,-39.96380120226721,-73.73596430874062
216.0,-39.96380120226721,-73.73147273232003
216.0,-39.96380120226721,-73.72698115589944
216.0,-39.96380120226721,-73.72248957947883
216.0,-39.96380120226721,-73.71799800305824
216.0,-39.96380120226721,-73.71350642663764
216.0,-39.96380120226721,-73.70901485021705
290.0,-39.96380120226721,-73.70452327379644
290.0,-39.96380120226721,-73.70003169737585
290.0,-39.96380120226721,-73.69554012095524
290.0,-39.96380120226721,-73.69104854453465
290.0,-39.96380120226721,-73.68655696811405
290.0,-39.96380120226721,-73.68206539169346
290.0,-39.96380120226721,-73.67757381527285
290.0,-39.96380120226721,-73.67308223885226
290.0,-39.96380120226721,-73.66859066243167
346.5,-39.959309625846615,-73.99647574113528
346.5,-39.959309625846615,-73.9919841647147
346.5,-39.959309625846615,-73.98749258829409
346.5,-39.959309625846615,-73.9830010118735
346.5,-39.959309625846615,-73.97850943545289
346.5,-39.959309625846615,-73.9740178590323
346.5,-39.959309625846615,-73.9695262826117
346.5,-39.959309625846615,-73.9650347061911
346.5,-39.959309625846615,-73.96054312977051
312.0,-39.959309625846615,-73.95605155334991
312.0,-39.959309625846615,-73.95155997692932
312.0,-39.959309625846615,-73.94706840050871
312.0,-39.959309625846615,-73.94257682408812
312.0,-39.959309625846615,-73.93808524766752
312.0,-39.959309625846615,-73.93359367124692
312.0,-39.959309625846615,-73.92910209482632
312.0,-39.959309625846615,-73.92461051840573
312.0,-39.959309625846615,-73.92011894198512
235.0,-39.959309625846615,-73.91562736556453
235.0,-39.959309625846615,-73.91113578914393
235.0,-39.959309625846615,-73.90664421272334
235.0,-39.959309625846615,-73.90215263630274
235.0,-39.959309625846615,-73.89766105988214
235.0,-39.959309625846615,-73.89316948346155
235.0,-39.959309625846615,-73.88867790704094
235.0,-39.959309625846615,-73.88418633062035
235.0,-39.959309625846615,-73.87969475419975
235.0,-39.959309625846615,-73.87520317777916
187.0,-39.959309625846615,-73.87071160135855
187.0,-39.959309625846615,-73.86622002493796
187.0,-39.959309625846615,-73.86172844851735
187.0,-39.959309625846615,-73.85723687209676
187.0,-39.959309625846615,-73.85274529567616
187.0,-39.959309625846615,-73.84825371925557
187.0,-39.959309625846615,-73.84376214283498
187.0,-39.959309625846615,-73.83927056641437
187.0,-39.959309625846615,-73.83477898999378
187.0,-39.959309625846615,-73.83028741357317
187.0,-39.959309625846615,-73.82579583715258
187.0,-39.959309625846615,-73.82130426073198
187.0,-39.959309625846615,-73.81681268431139
187.0,-39.959309625846615,-73.81232110789078
187.0,-39.959309625846615,-73.80782953147019
187.0,-39.959309625846615,-73.80333795504959
187.0,-39.959309625846615,-73.798846378629
187.0,-39.959309625846615,-73.79435480220839
180.0,-39.959309625846615,-73.7898632257878
180.0,-39.959309625846615,-73.7853716493672
180.0,-39.959309625846615,-73.7808800729466
180.0,-39.959309625846615,-73.77638849652601
180.0,-39.959309625846615,-73.7718969201054
180.0,-39.959309625846615,-73.76740534368481
180.0,-39.959309625846615,-73.76291376726421
180.0,-39.959309625846615,-73.75842219084362
180.0,-39.959309625846615,-73.75393061442301
216.0,-39.959309625846615,-73.74943903800242
216.0,-39.959309625846615,-73.74494746158182
216.0,-39.959309625846615,-73.74045588516123
216.0,-39.959309625846615,-73.73596430874062
216.0,-39.959309625846615,-73.73147273232003
216.0,-39.959309625846615,-73.72698115589944
216.0,-39.959309625846615,-73.72248957947883
216.0,-39.959309625846615,-73.71799800305824
216.0,-39.959309625846615,-73.71350642663764
216.0,-39.959309625846615,-73.70901485021705
290.0,-39.959309625846615,-73.70452327379644
290.0,-39.959309625846615,-73.70003169737585
290.0,-39.959309625846615,-73.69554012095524
290.0,-39.959309625846615,-73.69104854453465
290.0,-39.959309625846615,-73.68655696811405
290.0,-39.959309625846615,-73.68206539169346
290.0,-39.959309625846615,-73.67757381527285
290.0,-39.959309625846615,-73.67308223885226
290.0,-39.959309625846615,-73.66859066243167
301.5,-39.95481804942602,-73.99647574113528
301.5,-39.95481804942602,-73.9919841647147
301.5,-39.95481804942602,-73.98749258829409
301.5,-39.95481804942602,-73.9830010118735
301.5,-39.95481804942602,-73.97850943545289
301.5,-39.95481804942602,-73.9740178590323
301.5,-39.95481804942602,-73.9695262826117
301.5,-39.95481804942602,-73.9650347061911
301.5,-39.95481804942602,-73.96054312977051
301.5,-39.95481804942602,-73.95605155334991
301.5,-39.95481804942602,-73.95155997692932
301.5,-39.95481804942602,-73.94706840050871
301.5,-39.95481804942602,-73.94257682408812
301.5,-39.95481804942602,-73.93808524766752
301.5,-39.95481804942602,-73.93359367124692
301.5,-39.95481804942602,-73.92910209482632
301.5,-39.95481804942602,-73.92461051840573
301.5,-39.95481804942602,-73.92011894198512
224.0,-39.95481804942602,-73.91562736556453
224.0,-39.95481804942602,-73.91113578914393
224.0,-39.95481804942602,-73.90664421272334
224.0,-39.95481804942602,-73.90215263630274
224.0,-39.95481804942602,-73.89766105988214
224.0,-39.95481804942602,-73.89316948346155
224.0,-39.95481804942602,-73.88867790704094
224.0,-39.95481804942602,-73.88418633062035
224.0,-39.95481804942602,-73.87969475419975
224.0,-39.95481804942602,-73.87520317777916
224.0,-39.95481804942602,-73.87071160135855
224.0,-39.95481804942602,-73.86622002493796
224.0,-39.95481804942602,-73.86172844851735
224.0,-39.95481804942602,-73.85723687209676
224.0,-39.95481804942602,-73.85274529567616
224.0,-39.95481804942602,-73.84825371925557
224.0,-39.95481804942602,-73.84376214283498
224.0,-39.95481804942602,-73.83927056641437
224.0,-39.95481804942602,-73.83477898999378
216.0,-39.95481804942602,-73.83028741357317
216.0,-39.95481804942602,-73.82579583715258
216.0,-39.95481804942602,-73.82130426073198
216.0,-39.95481804942602,-73.81681268431139
216.0,-39.95481804942602,-73.81232110789078
216.0,-39.95481804942602,-73.80782953147019
216.0,-39.95481804942602,-73.80333795504959
216.0,-39.95481804942602,-73.798846378629
216.0,-39.95481804942602,-73.79435480220839
216.0,-39.95481804942602,-73.7898632257878
216.0,-39.95481804942602,-73.7853716493672
216.0,-39.95481804942602,-73.7808800729466
216.0,-39.95481804942602,-73.77638849652601
216.0,-39.95481804942602,-73.7718969201054
216.0,-39.95481804942602,-73.76740534368481
216.0,-39.95481804942602,-73.76291376726421
216.0,-39.95481804942602,-73.75842219084362
216.0,-39.95481804942602,-73.75393061442301
180.0,-39.95481804942602,-73.74943903800242
180.0,-39.95481804942602,-73.74494746158182
180.0,-39.95481804942602,-73.74045588516123
180.0,-39.95481804942602,-73.73596430874062
180.0,-39.95481804942602,-73.73147273232003
180.0,-39.95481804942602,-73.72698115589944
180.0,-39.95481804942602,-73.72248957947883
180.0,-39.95481804942602,-73.71799800305824
180.0,-39.95481804942602,-73.71350642663764
180.0,-39.95481804942602,-73.70901485021705
184.0,-39.95481804942602,-73.70452327379644
184.0,-39.95481804942602,-73.70003169737585
184.0,-39.95481804942602,-73.69554012095524
184.0,-39.95481804942602,-73.69104854453465
184.0,-39.95481804942602,-73.68655696811405
184.0,-39.95481804942602,-73.68206539169346
184.0,-39.95481804942602,-73.67757381527285
184.0,-39.95481804942602,-73.67308223885226
184.0,-39.95481804942602,-73.66859066243167
289.0,-39.95481804942602,-73.66409908601106
289.0,-39.95481804942602,-73.65960750959047
289.0,-39.95481804942602,-73.65511593316987
289.0,-39.95481804942602,-73.65062435674928
289.0,-39.95481804942602,-73.64613278032867
289.0,-39.95481804942602,-73.64164120390808
289.0,-39.95481804942602,-73.63714962748747
289.0,-39.95481804942602,-73.63265805106688
289.0,-39.95481804942602,-73.62816647464628
289.0,-39.95481804942602,-73.62367489822569
289.0,-39.95481804942602,-73.61918332180508
289.0,-39.95481804942602,-73.61469174538449
289.0,-39.95481804942602,-73.6102001689639
289.0,-39.95481804942602,-73.6057085925433
289.0,-39.95481804942602,-73.6012170161227
289.0,-39.95481804942602,-73.5967254397021
289.0,-39.95481804942602,-73.5922338632815
289.0,-39.95481804942602,-73.5877422868609
442.0,-39.95481804942602,-73.58325071044031
442.0,-39.95481804942602,-73.5787591340197
442.0,-39.95481804942602,-73.57426755759911
442.0,-39.95481804942602,-73.56977598117851
442.0,-39.95481804942602,-73.56528440475792
442.0,-39.95481804942602,-73.56079282833733
442.0,-39.95481804942602,-73.55630125191672
442.0,-39.95481804942602,-73.55180967549613
442.0,-39.95481804942602,-73.54731809907553
442.0,-39.95481804942602,-73.54282652265493
639.0,-39.95481804942602,-73.53833494623433
639.0,-39.95481804942602,-73.53384336981374
639.0,-39.95481804942602,-73.52935179339313
639.0,-39.95481804942602,-73.52486021697254
639.0,-39.95481804942602,-73.52036864055194
639.0,-39.95481804942602,-73.51587706413135
639.0,-39.95481804942602,-73.51138548771074
639.0,-39.95481804942602,-73.50689391129015
639.0,-39.95481804942602,-73.50240233486956
301.5,-39.95032647300542,-73.99647574113528
301.5,-39.95032647300542,-73.9919841647147
301.5,-39.95032647300542,-73.98749258829409
301.5,-39.95032647300542,-73.9830010118735
301.5,-39.95032647300542,-73.97850943545289
301.5,-39.95032647300542,-73.9740178590323
301.5,-39.95032647300542,-73.9695262826117
301.5,-39.95032647300542,-73.9650347061911
301.5,-39.95032647300542,-73.96054312977051
301.5,-39.95032647300542,-73.95605155334991
301.5,-39.95032647300542,-73.95155997692932
301.5,-39.95032647300542,-73.94706840050871
301.5,-39.95032647300542,-73.94257682408812
301.5,-39.95032647300542,-73.93808524766752
301.5,-39.95032647300542,-73.93359367124692
301.5,-39.95032647300542,-73.92910209482632
301.5,-39.95032647300542,-73.92461051840573
301.5,-39.95032647300542,-73.92011894198512
224.0,-39.95032647300542,-73.91562736556453
224.0,-39.95032647300542,-73.91113578914393
224.0,-39.95032647300542,-73.90664421272334
224.0,-39.95032647300542,-73.90215263630274
224.0,-39.95032647300542,-73.89766105988214
224.0,-39.95032647300542,-73.89316948346155
224.0,-39.95032647300542,-73.88867790704094
224.0,-39.95032647300542,-73.88418633062035
224.0,-39.95032647300542,-73.87969475419975
224.0,-39.95032647300542,-73.87520317777916
224.0,-39.95032647300542,-73.87071160135855
224.0,-39.95032647300542,-73.86622002493796
224.0,-39.95032647300542,-73.86172844851735
224.0,-39.95032647300542,-73.85723687209676
224.0,-39.95032647300542,-73.85274529567616
224.0,-39.95032647300542,-73.84825371925557
224.0,-39.95032647300542,-73.84376214283498
224.0,-39.95032647300542,-73.83927056641437
224.0,-39.95032647300542,-73.83477898999378
216.0,-39.95032647300542,-73.83028741357317
216.0,-39.95032647300542,-73.82579583715258
216.0,-39.95032647300542,-73.82130426073198
216.0,-39.95032647300542,-73.81681268431139
216.0,-39.95032647300542,-73.81232110789078
216.0,-39.95032647300542,-73.80782953147019
216.0,-39.95032647300542,-73.80333795504959
216.0,-39.95032647300542,-73.798846378629
216.0,-39.95032647300542,-73.79435480220839
216.0,-39.95032647300542,-73.7898632257878
216.0,-39.95032647300542,-73.7853716493672
216.0,-39.95032647300542,-73.7808800729466
216.0,-39.95032647300542,-73.77638849652601
216.0,-39.95032647300542,-73.7718969201054
216.0,-39.95032647300542,-73.76740534368481
216.0,-39.95032647300542,-73.76291376726421
216.0,-39.95032647300542,-73.75842219084362
216.0,-39.95032647300542,-73.75393061442301
180.0,-39.95032647300542,-73.74943903800242
180.0,-39.95032647300542,-73.74494746158182
180.0,-39.95032647300542,-73.74045588516123
180.0,-39.95032647300542,-73.73596430874062
180.0,-39.95032647300542,-73.73147273232003
180.0,-39.95032647300542,-73.72698115589944
180.0,-39.95032647300542,-73.72248957947883
180.0,-39.95032647300542,-73.71799800305824
180.0,-39.95032647300542,-73.71350642663764
180.0,-39.95032647300542,-73.70901485021705
184.0,-39.95032647300542,-73.70452327379644
184.0,-39.95032647300542,-73.70003169737585
184.0,-39.95032647300542,-73.69554012095524
184.0,-39.95032647300542,-73.69104854453465
184.0,-39.95032647300542,-73.68655696811405
184.0,-39.95032647300542,-73.68206539169346
184.0,-39.95032647300542,-73.67757381527285
184.0,-39.95032647300542,-73.67308223885226
184.0,-39.95032647300542,-73.66859066243167
289.0,-39.95032647300542,-73.66409908601106
289.0,-39.95032647300542,-73.65960750959047
289.0,-39.95032647300542,-73.65511593316987
289.0,-39.95032647300542,-73.65062435674928
289.0,-39.95032647300542,-73.64613278032867
289.0,-39.95032647300542,-73.64164120390808
289.0,-39.95032647300542,-73.63714962748747
289.0,-39.95032647300542,-73.63265805106688
289.0,-39.95032647300542,-73.62816647464628
289.0,-39.95032647300542,-73.62367489822569
289.0,-39.95032647300542,-73.61918332180508
289.0,-39.95032647300542,-73.61469174538449
289.0,-39.95032647300542,-73.6102001689639
289.0,-39.95032647300542,-73.6057085925433
289.0,-39.95032647300542,-73.6012170161227
289.0,-39.95032647300542,-73.5967254397021
289.0,-39.95032647300542,-73.5922338632815
289.0,-39.95032647300542,-73.5877422868609
442.0,-39.95032647300542,-73.58325071044031
442.0,-39.95032647300542,-73.5787591340197
442.0,-39.95032647300542,-73.57426755759911
442.0,-39.95032647300542,-73.56977598117851
442.0,-39.95032647300542,-73.56528440475792
442.0,-39.95032647300542,-73.56079282833733
442.0,-39.95032647300542,-73.55630125191672
442.0,-39.95032647300542,-73.55180967549613
442.0,-39.95032647300542,-73.54731809907553
442.0,-39.95032647300542,-73.54282652265493
639.0,-39.95032647300542,-73.53833494623433
639.0,-39.95032647300542,-73.53384336981374
639.0,-39.95032647300542,-73.52935179339313
639.0,-39.95032647300542,-73.52486021697254
639.0,-39.95032647300542,-73.52036864055194
639.0,-39.95032647300542,-73.51587706413135
639.0,-39.95032647300542,-73.51138548771074
639.0,-39.95032647300542,-73.50689391129015
639.0,-39.95032647300542,-73.50240233486956
301.5,-39.94583489658483,-73.99647574113528
301.5,-39.94583489658483,-73.9919841647147
301.5,-39.94583489658483,-73.98749258829409
301.5,-39.94583489658483,-73.9830010118735
301.5,-39.94583489658483,-73.97850943545289
301.5,-39.94583489658483,-73.9740178590323
301.5,-39.94583489658483,-73.9695262826117
301.5,-39.94583489658483,-73.9650347061911
301.5,-39.94583489658483,-73.96054312977051
301.5,-39.94583489658483,-73.95605155334991
301.5,-39.94583489658483,-73.95155997692932
301.5,-39.94583489658483,-73.94706840050871
301.5,-39.94583489658483,-73.94257682408812
301.5,-39.94583489658483,-73.93808524766752
301.5,-39.94583489658483,-73.93359367124692
301.5,-39.94583489658483,-73.92910209482632
301.5,-39.94583489658483,-73.92461051840573
301.5,-39.94583489658483,-73.92011894198512
224.0,-39.94583489658483,-73.91562736556453
224.0,-39.94583489658483,-73.91113578914393
224.0,-39.94583489658483,-73.90664421272334
224.0,-39.94583489658483,-73.90215263630274
224.0,-39.94583489658483,-73.89766105988214
224.0,-39.94583489658483,-73.89316948346155
224.0,-39.94583489658483,-73.88867790704094
224.0,-39.94583489658483,-73.88418633062035
224.0,-39.94583489658483,-73.87969475419975
224.0,-39.94583489658483,-73.87520317777916
224.0,-39.94583489658483,-73.87071160135855
224.0,-39.94583489658483,-73.86622002493796
224.0,-39.94583489658483,-73.86172844851735
224.0,-39.94583489658483,-73.85723687209676
224.0,-39.94583489658483,-73.85274529567616
224.0,-39.94583489658483,-73.84825371925557
224.0,-39.94583489658483,-73.84376214283498
224.0,-39.94583489658483,-73.83927056641437
224.0,-39.94583489658483,-73.83477898999378
216.0,-39.94583489658483,-73.83028741357317
216.0,-39.94583489658483,-73.82579583715258
216.0,-39.94583489658483,-73.82130426073198
216.0,-39.94583489658483,-73.81681268431139
216.0,-39.94583489658483,-73.81232110789078
216.0,-39.94583489658483,-73.80782953147019
216.0,-39.94583489658483,-73.80333795504959
216.0,-39.94583489658483,-73.798846378629
216.0,-39.94583489658483,-73.79435480220839
216.0,-39.94583489658483,-73.7898632257878
216.0,-39.94583489658483,-73.7853716493672
216.0,-39.94583489658483,-73.7808800729466
216.0,-39.94583489658483,-73.77638849652601
216.0,-39.94583489658483,-73.7718969201054
216.0,-39.94583489658483,-73.76740534368481
216.0,-39.94583489658483,-73.76291376726421
216.0,-39.94583489658483,-73.75842219084362
216.0,-39.94583489658483,-73.75393061442301
180.0,-39.94583489658483,-73.74943903800242
180.0,-39.94583489658483,-73.74494746158182
180.0,-39.94583489658483,-73.74045588516123
180.0,-39.94583489658483,-73.73596430874062
180.0,-39.94583489658483,-73.73147273232003
180.0,-39.94583489658483,-73.72698115589944
180.0,-39.94583489658483,-73.72248957947883
180.0,-39.94583489658483,-73.71799800305824
180.0,-39.94583489658483,-73.71350642663764
180.0,-39.94583489658483,-73.70901485021705
184.0,-39.94583489658483,-73.70452327379644
184.0,-39.94583489658483,-73.70003169737585
184.0,-39.94583489658483,-73.69554012095524
184.0,-39.94583489658483,-73.69104854453465
184.0,-39.94583489658483,-73.68655696811405
184.0,-39.94583489658483,-73.68206539169346
184.0,-39.94583489658483,-73.67757381527285
184.0,-39.94583489658483,-73.67308223885226
184.0,-39.94583489658483,-73.66859066243167
289.0,-39.94583489658483,-73.66409908601106
289.0,-39.94583489658483,-73.65960750959047
289.0,-39.94583489658483,-73.65511593316987
289.0,-39.94583489658483,-73.65062435674928
289.0,-39.94583489658483,-73.64613278032867
289.0,-39.94583489658483,-73.64164120390808
289.0,-39.94583489658483,-73.63714962748747
289.0,-39.94583489658483,-73.63265805106688
289.0,-39.94583489658483,-73.62816647464628
289.0,-39.94583489658483,-73.62367489822569
289.0,-39.94583489658483,-73.61918332180508
289.0,-39.94583489658483,-73.61469174538449
289.0,-39.94583489658483,-73.6102001689639
289.0,-39.94583489658483,-73.6057085925433
289.0,-39.94583489658483,-73.6012170161227
289.0,-39.94583489658483,-73.5967254397021
289.0,-39.94583489658483,-73.5922338632815
289.0,-39.94583489658483,-73.5877422868609
442.0,-39.94583489658483,-73.58325071044031
442.0,-39.94583489658483,-73.5787591340197
442.0,-39.94583489658483,-73.57426755759911
442.0,-39.94583489658483,-73.56977598117851
442.0,-39.94583489658483,-73.56528440475792
442.0,-39.94583489658483,-73.56079282833733
442.0,-39.94583489658483,-73.55630125191672
442.0,-39.94583489658483,-73.55180967549613
442.0,-39.94583489658483,-73.54731809907553
442.0,-39.94583489658483,-73.54282652265493
639.0,-39.94583489658483,-73.53833494623433
639.0,-39.94583489658483,-73.53384336981374
639.0,-39.94583489658483,-73.52935179339313
639.0,-39.94583489658483,-73.52486021697254
639.0,-39.94583489658483,-73.52036864055194
639.0,-39.94583489658483,-73.51587706413135
639.0,-39.94583489658483,-73.51138548771074
639.0,-39.94583489658483,-73.50689391129015
639.0,-39.94583489658483,-73.50240233486956
301.5,-39.94134332016423,-73.99647574113528
301.5,-39.94134332016423,-73.9919841647147
301.5,-39.94134332016423,-73.98749258829409
301.5,-39.94134332016423,-73.9830010118735
301.5,-39.94134332016423,-73.97850943545289
301.5,-39.94134332016423,-73.9740178590323
301.5,-39.94134332016423,-73.9695262826117
301.5,-39.94134332016423,-73.9650347061911
301.5,-39.94134332016423,-73.96054312977051
301.5,-39.94134332016423,-73.95605155334991
301.5,-39.94134332016423,-73.95155997692932
301.5,-39.94134332016423,-73.94706840050871
301.5,-39.94134332016423,-73.94257682408812
301.5,-39.94134332016423,-73.93808524766752
301.5,-39.94134332016423,-73.93359367124692
301.5,-39.94134332016423,-73.92910209482632
301.5,-39.94134332016423,-73.92461051840573
301.5,-39.94134332016423,-73.92011894198512
224.0,-39.94134332016423,-73.91562736556453
224.0,-39.94134332016423,-73.91113578914393
224.0,-39.94134332016423,-73.90664421272334
224.0,-39.94134332016423,-73.90215263630274
224.0,-39.94134332016423,-73.89766105988214
224.0,-39.94134332016423,-73.89316948346155
224.0,-39.94134332016423,-73.88867790704094
224.0,-39.94134332016423,-73.88418633062035
224.0,-39.94134332016423,-73.87969475419975
224.0,-39.94134332016423,-73.87520317777916
224.0,-39.94134332016423,-73.87071160135855
224.0,-39.94134332016423,-73.86622002493796
224.0,-39.94134332016423,-73.86172844851735
224.0,-39.94134332016423,-73.85723687209676
224.0,-39.94134332016423,-73.85274529567616
224.0,-39.94134332016423,-73.84825371925557
224.0,-39.94134332016423,-73.84376214283498
224.0,-39.94134332016423,-73.83927056641437
224.0,-39.94134332016423,-73.83477898999378
216.0,-39.94134332016423,-73.83028741357317
216.0,-39.94134332016423,-73.82579583715258
216.0,-39.94134332016423,-73.82130426073198
216.0,-39.94134332016423,-73.81681268431139
216.0,-39.94134332016423,-73.81232110789078
216.0,-39.94134332016423,-73.80782953147019
216.0,-39.94134332016423,-73.80333795504959
216.0,-39.94134332016423,-73.798846378629
216.0,-39.94134332016423,-73.79435480220839
216.0,-39.94134332016423,-73.7898632257878
216.0,-39.94134332016423,-73.7853716493672
216.0,-39.94134332016423,-73.7808800729466
216.0,-39.94134332016423,-73.77638849652601
216.0,-39.94134332016423,-73.7718969201054
216.0,-39.94134332016423,-73.76740534368481
216.0,-39.94134332016423,-73.76291376726421
216.0,-39.94134332016423,-73.75842219084362
216.0,-39.94134332016423,-73.75393061442301
180.0,-39.94134332016423,-73.74943903800242
180.0,-39.94134332016423,-73.74494746158182
180.0,-39.94134332016423,-73.74045588516123
180.0,-39.94134332016423,-73.73596430874062
180.0,-39.94134332016423,-73.73147273232003
180.0,-39.94134332016423,-73.72698115589944
180.0,-39.94134332016423,-73.72248957947883
180.0,-39.94134332016423,-73.71799800305824
180.0,-39.94134332016423,-73.71350642663764
180.0,-39.94134332016423,-73.70901485021705
184.0,-39.94134332016423,-73.70452327379644
184.0,-39.94134332016423,-73.70003169737585
184.0,-39.94134332016423,-73.69554012095524
184.0,-39.94134332016423,-73.69104854453465
184.0,-39.94134332016423,-73.68655696811405
184.0,-39.94134332016423,-73.68206539169346
184.0,-39.94134332016423,-73.67757381527285
184.0,-39.94134332016423,-73.67308223885226
184.0,-39.94134332016423,-73.66859066243167
289.0,-39.94134332016423,-73.66409908601106
289.0,-39.94134332016423,-73.65960750959047
289.0,-39.94134332016423,-73.65511593316987
289.0,-39.94134332016423,-73.65062435674928
289.0,-39.94134332016423,-73.64613278032867
289.0,-39.94134332016423,-73.64164120390808
289.0,-39.94134332016423,-73.63714962748747
289.0,-39.94134332016423,-73.63265805106688
289.0,-39.94134332016423,-73.62816647464628
289.0,-39.94134332016423,-73.62367489822569
289.0,-39.94134332016423,-73.61918332180508
289.0,-39.94134332016423,-73.61469174538449
289.0,-39.94134332016423,-73.6102001689639
289.0,-39.94134332016423,-73.6057085925433
289.0,-39.94134332016423,-73.6012170161227
289.0,-39.94134332016423,-73.5967254397021
289.0,-39.94134332016423,-73.5922338632815
289.0,-39.94134332016423,-73.5877422868609
442.0,-39.94134332016423,-73.58325071044031
442.0,-39.94134332016423,-73.5787591340197
442.0,-39.94134332016423,-73.57426755759911
442.0,-39.94134332016423,-73.56977598117851
442.0,-39.94134332016423,-73.56528440475792
442.0,-39.94134332016423,-73.56079282833733
442.0,-39.94134332016423,-73.55630125191672
442.0,-39.94134332016423,-73.55180967549613
442.0,-39.94134332016423,-73.54731809907553
442.0,-39.94134332016423,-73.54282652265493
639.0,-39.94134332016423,-73.53833494623433
639.0,-39.94134332016423,-73.53384336981374
639.0,-39.94134332016423,-73.52935179339313
639.0,-39.94134332016423,-73.52486021697254
639.0,-39.94134332016423,-73.52036864055194
639.0,-39.94134332016423,-73.51587706413135
639.0,-39.94134332016423,-73.51138548771074
639.0,-39.94134332016423,-73.50689391129015
639.0,-39.94134332016423,-73.50240233486956
301.5,-39.93685174374363,-73.99647574113528
301.5,-39.93685174374363,-73.9919841647147
301.5,-39.93685174374363,-73.98749258829409
301.5,-39.93685174374363,-73.9830010118735
301.5,-39.93685174374363,-73.97850943545289
301.5,-39.93685174374363,-73.9740178590323
301.5,-39.93685174374363,-73.9695262826117
301.5,-39.93685174374363,-73.9650347061911
301.5,-39.93685174374363,-73.96054312977051
301.5,-39.93685174374363,-73.95605155334991
301.5,-39.93685174374363,-73.95155997692932
301.5,-39.93685174374363,-73.94706840050871
301.5,-39.93685174374363,-73.94257682408812
301.5,-39.93685174374363,-73.93808524766752
301.5,-39.93685174374363,-73.93359367124692
301.5,-39.93685174374363,-73.92910209482632
301.5,-39.93685174374363,-73.92461051840573
301.5,-39.93685174374363,-73.92011894198512
224.0,-39.93685174374363,-73.91562736556453
224.0,-39.93685174374363,-73.91113578914393
224.0,-39.93685174374363,-73.90664421272334
224.0,-39.93685174374363,-73.90215263630274
224.0,-39.93685174374363,-73.89766105988214
224.0,-39.93685174374363,-73.89316948346155
224.0,-39.93685174374363,-73.88867790704094
224.0,-39.93685174374363,-73.88418633062035
224.0,-39.93685174374363,-73.87969475419975
224.0,-39.93685174374363,-73.87520317777916
224.0,-39.93685174374363,-73.87071160135855
224.0,-39.93685174374363,-73.86622002493796
224.0,-39.93685174374363,-73.86172844851735
224.0,-39.93685174374363,-73.85723687209676
224.0,-39.93685174374363,-73.85274529567616
224.0,-39.93685174374363,-73.84825371925557
224.0,-39.93685174374363,-73.84376214283498
224.0,-39.93685174374363,-73.83927056641437
224.0,-39.93685174374363,-73.83477898999378
216.0,-39.93685174374363,-73.83028741357317
216.0,-39.93685174374363,-73.82579583715258
216.0,-39.93685174374363,-73.82130426073198
216.0,-39.93685174374363,-73.81681268431139
216.0,-39.93685174374363,-73.81232110789078
216.0,-39.93685174374363,-73.80782953147019
216.0,-39.93685174374363,-73.80333795504959
216.0,-39.93685174374363,-73.798846378629
216.0,-39.93685174374363,-73.79435480220839
216.0,-39.93685174374363,-73.7898632257878
216.0,-39.93685174374363,-73.7853716493672
216.0,-39.93685174374363,-73.7808800729466
216.0,-39.93685174374363,-73.77638849652601
216.0,-39.93685174374363,-73.7718969201054
216.0,-39.93685174374363,-73.76740534368481
216.0,-39.93685174374363,-73.76291376726421
216.0,-39.93685174374363,-73.75842219084362
216.0,-39.93685174374363,-73.75393061442301
180.0,-39.93685174374363,-73.74943903800242
180.0,-39.93685174374363,-73.74494746158182
180.0,-39.93685174374363,-73.74045588516123
180.0,-39.93685174374363,-73.73596430874062
180.0,-39.93685174374363,-73.73147273232003
180.0,-39.93685174374363,-73.72698115589944
180.0,-39.93685174374363,-73.72248957947883
180.0,-39.93685174374363,-73.71799800305824
180.0,-39.93685174374363,-73.71350642663764
180.0,-39.93685174374363,-73.70901485021705
184.0,-39.93685174374363,-73.70452327379644
184.0,-39.93685174374363,-73.70003169737585
184.0,-39.93685174374363,-73.69554012095524
184.0,-39.93685174374363,-73.69104854453465
184.0,-39.93685174374363,-73.68655696811405
184.0,-39.93685174374363,-73.68206539169346
184.0,-39.93685174374363,-73.67757381527285
184.0,-39.93685174374363,-73.67308223885226
184.0,-39.93685174374363,-73.66859066243167
289.0,-39.93685174374363,-73.66409908601106
289.0,-39.93685174374363,-73.65960750959047
289.0,-39.93685174374363,-73.65511593316987
289.0,-39.93685174374363,-73.65062435674928
289.0,-39.93685174374363,-73.64613278032867
289.0,-39.93685174374363,-73.64164120390808
289.0,-39.93685174374363,-73.63714962748747
289.0,-39.93685174374363,-73.63265805106688
289.0,-39.93685174374363,-73.62816647464628
289.0,-39.93685174374363,-73.62367489822569
289.0,-39.93685174374363,-73.61918332180508
289.0,-39.93685174374363,-73.61469174538449
289.0,-39.93685174374363,-73.6102001689639
289.0,-39.93685174374363,-73.6057085925433
289.0,-39.93685174374363,-73.6012170161227
289.0,-39.93685174374363,-73.5967254397021
289.0,-39.93685174374363,-73.5922338632815
289.0,-39.93685174374363,-73.5877422868609
442.0,-39.93685174374363,-73.58325071044031
442.0,-39.93685174374363,-73.5787591340197
442.0,-39.93685174374363,-73.57426755759911
442.0,-39.93685174374363,-73.56977598117851
442.0,-39.93685174374363,-73.56528440475792
442.0,-39.93685174374363,-73.56079282833733
442.0,-39.93685174374363,-73.55630125191672
442.0,-39.93685174374363,-73.55180967549613
442.0,-39.93685174374363,-73.54731809907553
442.0,-39.93685174374363,-73.54282652265493
639.0,-39.93685174374363,-73.53833494623433
639.0,-39.93685174374363,-73.53384336981374
639.0,-39.93685174374363,-73.52935179339313
639.0,-39.93685174374363,-73.52486021697254
639.0,-39.93685174374363,-73.52036864055194
639.0,-39.93685174374363,-73.51587706413135
639.0,-39.93685174374363,-73.51138548771074
639.0,-39.93685174374363,-73.50689391129015
639.0,-39.93685174374363,-73.50240233486956
301.5,-39.93236016732303,-73.99647574113528
301.5,-39.93236016732303,-73.9919841647147
301.5,-39.93236016732303,-73.98749258829409
301.5,-39.93236016732303,-73.9830010118735
301.5,-39.93236016732303,-73.97850943545289
301.5,-39.93236016732303,-73.9740178590323
301.5,-39.93236016732303,-73.9695262826117
301.5,-39.93236016732303,-73.9650347061911
301.5,-39.93236016732303,-73.96054312977051
301.5,-39.93236016732303,-73.95605155334991
301.5,-39.93236016732303,-73.95155997692932
301.5,-39.93236016732303,-73.94706840050871
301.5,-39.93236016732303,-73.94257682408812
301.5,-39.93236016732303,-73.93808524766752
301.5,-39.93236016732303,-73.93359367124692
301.5,-39.93236016732303,-73.92910209482632
301.5,-39.93236016732303,-73.92461051840573
301.5,-39.93236016732303,-73.92011894198512
224.0,-39.93236016732303,-73.91562736556453
224.0,-39.93236016732303,-73.91113578914393
224.0,-39.93236016732303,-73.90664421272334
224.0,-39.93236016732303,-73.90215263630274
224.0,-39.93236016732303,-73.89766105988214
224.0,-39.93236016732303,-73.89316948346155
224.0,-39.93236016732303,-73.88867790704094
224.0,-39.93236016732303,-73.88418633062035
224.0,-39.93236016732303,-73.87969475419975
224.0,-39.93236016732303,-73.87520317777916
224.0,-39.93236016732303,-73.87071160135855
224.0,-39.93236016732303,-73.86622002493796
224.0,-39.93236016732303,-73.86172844851735
224.0,-39.93236016732303,-73.85723687209676
224.0,-39.93236016732303,-73.85274529567616
224.0,-39.93236016732303,-73.84825371925557
224.0,-39.93236016732303,-73.84376214283498
224.0,-39.93236016732303,-73.83927056641437
224.0,-39.93236016732303,-73.83477898999378
216.0,-39.93236016732303,-73.83028741357317
216.0,-39.93236016732303,-73.82579583715258
216.0,-39.93236016732303,-73.82130426073198
216.0,-39.93236016732303,-73.81681268431139
216.0,-39.93236016732303,-73.81232110789078
216.0,-39.93236016732303,-73.80782953147019
216.0,-39.93236016732303,-73.80333795504959
216.0,-39.93236016732303,-73.798846378629
216.0,-39.93236016732303,-73.79435480220839
216.0,-39.93236016732303,-73.7898632257878
216.0,-39.93236016732303,-73.7853716493672
216.0,-39.93236016732303,-73.7808800729466
216.0,-39.93236016732303,-73.77638849652601
216.0,-39.93236016732303,-73.7718969201054
216.0,-39.93236016732303,-73.76740534368481
216.0,-39.93236016732303,-73.76291376726421
216.0,-39.93236016732303,-73.75842219084362
216.0,-39.93236016732303,-73.75393061442301
180.0,-39.93236016732303,-73.74943903800242
180.0,-39.93236016732303,-73.74494746158182
180.0,-39.93236016732303,-73.74045588516123
180.0,-39.93236016732303,-73.73596430874062
180.0,-39.93236016732303,-73.73147273232003
180.0,-39.93236016732303,-73.72698115589944
180.0,-39.93236016732303,-73.72248957947883
180.0,-39.93236016732303,-73.71799800305824
180.0,-39.93236016732303,-73.71350642663764
180.0,-39.93236016732303,-73.70901485021705
184.0,-39.93236016732303,-73.70452327379644
184.0,-39.93236016732303,-73.70003169737585
184.0,-39.93236016732303,-73.69554012095524
184.0,-39.93236016732303,-73.69104854453465
184.0,-39.93236016732303,-73.68655696811405
184.0,-39.93236016732303,-73.68206539169346
184.0,-39.93236016732303,-73.67757381527285
184.0,-39.93236016732303,-73.67308223885226
184.0,-39.93236016732303,-73.66859066243167
289.0,-39.93236016732303,-73.66409908601106
289.0,-39.93236016732303,-73.65960750959047
289.0,-39.93236016732303,-73.65511593316987
289.0,-39.93236016732303,-73.65062435674928
289.0,-39.93236016732303,-73.64613278032867
289.0,-39.93236016732303,-73.64164120390808
289.0,-39.93236016732303,-73.63714962748747
289.0,-39.93236016732303,-73.63265805106688
289.0,-39.93236016732303,-73.62816647464628
289.0,-39.93236016732303,-73.62367489822569
289.0,-39.93236016732303,-73.61918332180508
289.0,-39.93236016732303,-73.61469174538449
289.0,-39.93236016732303,-73.6102001689639
289.0,-39.93236016732303,-73.6057085925433
289.0,-39.93236016732303,-73.6012170161227
289.0,-39.93236016732303,-73.5967254397021
289.0,-39.93236016732303,-73.5922338632815
289.0,-39.93236016732303,-73.5877422868609
442.0,-39.93236016732303,-73.58325071044031
442.0,-39.93236016732303,-73.5787591340197
442.0,-39.93236016732303,-73.57426755759911
442.0,-39.93236016732303,-73.56977598117851
442.0,-39.93236016732303,-73.56528440475792
442.0,-39.93236016732303,-73.56079282833733
442.0,-39.93236016732303,-73.55630125191672
442.0,-39.93236016732303,-73.55180967549613
442.0,-39.93236016732303,-73.54731809907553
442.0,-39.93236016732303,-73.54282652265493
639.0,-39.93236016732303,-73.53833494623433
639.0,-39.93236016732303,-73.53384336981374
639.0,-39.93236016732303,-73.52935179339313
639.0,-39.93236016732303,-73.52486021697254
639.0,-39.93236016732303,-73.52036864055194
639.0,-39.93236016732303,-73.51587706413135
639.0,-39.93236016732303,-73.51138548771074
639.0,-39.93236016732303,-73.50689391129015
639.0,-39.93236016732303,-73.50240233486956
301.5,-39.927868590902435,-73.99647574113528
301.5,-39.927868590902435,-73.9919841647147
301.5,-39.927868590902435,-73.98749258829409
301.5,-39.927868590902435,-73.9830010118735
301.5,-39.927868590902435,-73.97850943545289
301.5,-39.927868590902435,-73.9740178590323
301.5,-39.927868590902435,-73.9695262826117
301.5,-39.927868590902435,-73.9650347061911
301.5,-39.927868590902435,-73.96054312977051
301.5,-39.927868590902435,-73.95605155334991
301.5,-39.927868590902435,-73.95155997692932
301.5,-39.927868590902435,-73.94706840050871
301.5,-39.927868590902435,-73.94257682408812
301.5,-39.927868590902435,-73.93808524766752
301.5,-39.927868590902435,-73.93359367124692
301.5,-39.927868590902435,-73.92910209482632
301.5,-39.927868590902435,-73.92461051840573
301.5,-39.927868590902435,-73.92011894198512
224.0,-39.927868590902435,-73.91562736556453
224.0,-39.927868590902435,-73.91113578914393
224.0,-39.927868590902435,-73.90664421272334
224.0,-39.927868590902435,-73.90215263630274
224.0,-39.927868590902435,-73.89766105988214
224.0,-39.927868590902435,-73.89316948346155
224.0,-39.927868590902435,-73.88867790704094
224.0,-39.927868590902435,-73.88418633062035
224.0,-39.927868590902435,-73.87969475419975
224.0,-39.927868590902435,-73.87520317777916
224.0,-39.927868590902435,-73.87071160135855
224.0,-39.927868590902435,-73.86622002493796
224.0,-39.927868590902435,-73.86172844851735
224.0,-39.927868590902435,-73.85723687209676
224.0,-39.927868590902435,-73.85274529567616
224.0,-39.927868590902435,-73.84825371925557
224.0,-39.927868590902435,-73.84376214283498
224.0,-39.927868590902435,-73.83927056641437
224.0,-39.927868590902435,-73.83477898999378
216.0,-39.927868590902435,-73.83028741357317
216.0,-39.927868590902435,-73.82579583715258
216.0,-39.927868590902435,-73.82130426073198
216.0,-39.927868590902435,-73.81681268431139
216.0,-39.927868590902435,-73.81232110789078
216.0,-39.927868590902435,-73.80782953147019
216.0,-39.927868590902435,-73.80333795504959
216.0,-39.927868590902435,-73.798846378629
216.0,-39.927868590902435,-73.79435480220839
216.0,-39.927868590902435,-73.7898632257878
216.0,-39.927868590902435,-73.7853716493672
216.0,-39.927868590902435,-73.7808800729466
216.0,-39.927868590902435,-73.77638849652601
216.0,-39.927868590902435,-73.7718969201054
216.0,-39.927868590902435,-73.76740534368481
216.0,-39.927868590902435,-73.76291376726421
216.0,-39.927868590902435,-73.75842219084362
216.0,-39.927868590902435,-73.75393061442301
180.0,-39.927868590902435,-73.74943903800242
180.0,-39.927868590902435,-73.74494746158182
180.0,-39.927868590902435,-73.74045588516123
180.0,-39.927868590902435,-73.73596430874062
180.0,-39.927868590902435,-73.73147273232003
180.0,-39.927868590902435,-73.72698115589944
180.0,-39.927868590902435,-73.72248957947883
180.0,-39.927868590902435,-73.71799800305824
180.0,-39.927868590902435,-73.71350642663764
180.0,-39.927868590902435,-73.70901485021705
184.0,-39.927868590902435,-73.70452327379644
184.0,-39.927868590902435,-73.70003169737585
184.0,-39.927868590902435,-73.69554012095524
184.0,-39.927868590902435,-73.69104854453465
184.0,-39.927868590902435,-73.68655696811405
184.0,-39.927868590902435,-73.68206539169346
184.0,-39.927868590902435,-73.67757381527285
184.0,-39.927868590902435,-73.67308223885226
184.0,-39.927868590902435,-73.66859066243167
289.0,-39.927868590902435,-73.66409908601106
289.0,-39.927868590902435,-73.65960750959047
289.0,-39.927868590902435,-73.65511593316987
289.0,-39.927868590902435,-73.65062435674928
289.0,-39.927868590902435,-73.64613278032867
289.0,-39.927868590902435,-73.64164120390808
289.0,-39.927868590902435,-73.63714962748747
289.0,-39.927868590902435,-73.63265805106688
289.0,-39.927868590902435,-73.62816647464628
289.0,-39.927868590902435,-73.62367489822569
289.0,-39.927868590902435,-73.61918332180508
289.0,-39.927868590902435,-73.61469174538449
289.0,-39.927868590902435,-73.6102001689639
289.0,-39.927868590902435,-73.6057085925433
289.0,-39.927868590902435,-73.6012170161227
289.0,-39.927868590902435,-73.5967254397021
289.0,-39.927868590902435,-73.5922338632815
289.0,-39.927868590902435,-73.5877422868609
442.0,-39.927868590902435,-73.58325071044031
442.0,-39.927868590902435,-73.5787591340197
442.0,-39.927868590902435,-73.57426755759911
442.0,-39.927868590902435,-73.56977598117851
442.0,-39.927868590902435,-73.56528440475792
442.0,-39.927868590902435,-73.56079282833733
442.0,-39.927868590902435,-73.55630125191672
442.0,-39.927868590902435,-73.55180967549613
442.0,-39.927868590902435,-73.54731809907553
442.0,-39.927868590902435,-73.54282652265493
639.0,-39.927868590902435,-73.53833494623433
639.0,-39.927868590902435,-73.53384336981374
639.0,-39.927868590902435,-73.52935179339313
639.0,-39.927868590902435,-73.52486021697254
639.0,-39.927868590902435,-73.52036864055194
639.0,-39.927868590902435,-73.51587706413135
639.0,-39.927868590902435,-73.51138548771074
639.0,-39.927868590902435,-73.50689391129015
639.0,-39.927868590902435,-73.50240233486956
301.5,-39.92337701448184,-73.99647574113528
301.5,-39.92337701448184,-73.9919841647147
301.5,-39.92337701448184,-73.98749258829409
301.5,-39.92337701448184,-73.9830010118735
301.5,-39.92337701448184,-73.97850943545289
301.5,-39.92337701448184,-73.9740178590323
301.5,-39.92337701448184,-73.9695262826117
301.5,-39.92337701448184,-73.9650347061911
301.5,-39.92337701448184,-73.96054312977051
301.5,-39.92337701448184,-73.95605155334991
301.5,-39.92337701448184,-73.95155997692932
301.5,-39.92337701448184,-73.94706840050871
301.5,-39.92337701448184,-73.94257682408812
301.5,-39.92337701448184,-73.93808524766752
301.5,-39.92337701448184,-73.93359367124692
301.5,-39.92337701448184,-73.92910209482632
301.5,-39.92337701448184,-73.92461051840573
301.5,-39.92337701448184,-73.92011894198512
224.0,-39.92337701448184,-73.91562736556453
224.0,-39.92337701448184,-73.91113578914393
224.0,-39.92337701448184,-73.90664421272334
224.0,-39.92337701448184,-73.90215263630274
224.0,-39.92337701448184,-73.89766105988214
224.0,-39.92337701448184,-73.89316948346155
224.0,-39.92337701448184,-73.88867790704094
224.0,-39.92337701448184,-73.88418633062035
224.0,-39.92337701448184,-73.87969475419975
224.0,-39.92337701448184,-73.87520317777916
224.0,-39.92337701448184,-73.87071160135855
224.0,-39.92337701448184,-73.86622002493796
224.0,-39.92337701448184,-73.86172844851735
224.0,-39.92337701448184,-73.85723687209676
224.0,-39.92337701448184,-73.85274529567616
224.0,-39.92337701448184,-73.84825371925557
224.0,-39.92337701448184,-73.84376214283498
224.0,-39.92337701448184,-73.83927056641437
224.0,-39.92337701448184,-73.83477898999378
216.0,-39.92337701448184,-73.83028741357317
216.0,-39.92337701448184,-73.82579583715258
216.0,-39.92337701448184,-73.82130426073198
216.0,-39.92337701448184,-73.81681268431139
216.0,-39.92337701448184,-73.81232110789078
216.0,-39.92337701448184,-73.80782953147019
216.0,-39.92337701448184,-73.80333795504959
216.0,-39.92337701448184,-73.798846378629
216.0,-39.92337701448184,-73.79435480220839
216.0,-39.92337701448184,-73.7898632257878
216.0,-39.92337701448184,-73.7853716493672
216.0,-39.92337701448184,-73.7808800729466
216.0,-39.92337701448184,-73.77638849652601
216.0,-39.92337701448184,-73.7718969201054
216.0,-39.92337701448184,-73.76740534368481
216.0,-39.92337701448184,-73.76291376726421
216.0,-39.92337701448184,-73.75842219084362
216.0,-39.92337701448184,-73.75393061442301
180.0,-39.92337701448184,-73.74943903800242
180.0,-39.92337701448184,-73.74494746158182
180.0,-39.92337701448184,-73.74045588516123
180.0,-39.92337701448184,-73.73596430874062
180.0,-39.92337701448184,-73.73147273232003
180.0,-39.92337701448184,-73.72698115589944
180.0,-39.92337701448184,-73.72248957947883
180.0,-39.92337701448184,-73.71799800305824
180.0,-39.92337701448184,-73.71350642663764
180.0,-39.92337701448184,-73.70901485021705
184.0,-39.92337701448184,-73.70452327379644
184.0,-39.92337701448184,-73.70003169737585
184.0,-39.92337701448184,-73.69554012095524
184.0,-39.92337701448184,-73.69104854453465
184.0,-39.92337701448184,-73.68655696811405
184.0,-39.92337701448184,-73.68206539169346
184.0,-39.92337701448184,-73.67757381527285
184.0,-39.92337701448184,-73.67308223885226
184.0,-39.92337701448184,-73.66859066243167
289.0,-39.92337701448184,-73.66409908601106
289.0,-39.92337701448184,-73.65960750959047
289.0,-39.92337701448184,-73.65511593316987
289.0,-39.92337701448184,-73.65062435674928
289.0,-39.92337701448184,-73.64613278032867
289.0,-39.92337701448184,-73.64164120390808
289.0,-39.92337701448184,-73.63714962748747
289.0,-39.92337701448184,-73.63265805106688
289.0,-39.92337701448184,-73.62816647464628
289.0,-39.92337701448184,-73.62367489822569
289.0,-39.92337701448184,-73.61918332180508
289.0,-39.92337701448184,-73.61469174538449
289.0,-39.92337701448184,-73.6102001689639
289.0,-39.92337701448184,-73.6057085925433
289.0,-39.92337701448184,-73.6012170161227
289.0,-39.92337701448184,-73.5967254397021
289.0,-39.92337701448184,-73.5922338632815
289.0,-39.92337701448184,-73.5877422868609
442.0,-39.92337701448184,-73.58325071044031
442.0,-39.92337701448184,-73.5787591340197
442.0,-39.92337701448184,-73.57426755759911
442.0,-39.92337701448184,-73.56977598117851
442.0,-39.92337701448184,-73.56528440475792
442.0,-39.92337701448184,-73.56079282833733
442.0,-39.92337701448184,-73.55630125191672
442.0,-39.92337701448184,-73.55180967549613
442.0,-39.92337701448184,-73.54731809907553
442.0,-39.92337701448184,-73.54282652265493
639.0,-39.92337701448184,-73.53833494623433
639.0,-39.92337701448184,-73.53384336981374
639.0,-39.92337701448184,-73.52935179339313
639.0,-39.92337701448184,-73.52486021697254
639.0,-39.92337701448184,-73.52036864055194
639.0,-39.92337701448184,-73.51587706413135
639.0,-39.92337701448184,-73.51138548771074
639.0,-39.92337701448184,-73.50689391129015
639.0,-39.92337701448184,-73.50240233486956
301.5,-39.91888543806124,-73.99647574113528
301.5,-39.91888543806124,-73.9919841647147
301.5,-39.91888543806124,-73.98749258829409
301.5,-39.91888543806124,-73.9830010118735
301.5,-39.91888543806124,-73.97850943545289
301.5,-39.91888543806124,-73.9740178590323
301.5,-39.91888543806124,-73.9695262826117
301.5,-39.91888543806124,-73.9650347061911
301.5,-39.91888543806124,-73.96054312977051
301.5,-39.91888543806124,-73.95605155334991
301.5,-39.91888543806124,-73.95155997692932
301.5,-39.91888543806124,-73.94706840050871
301.5,-39.91888543806124,-73.94257682408812
301.5,-39.91888543806124,-73.93808524766752
301.5,-39.91888543806124,-73.93359367124692
301.5,-39.91888543806124,-73.92910209482632
301.5,-39.91888543806124,-73.92461051840573
301.5,-39.91888543806124,-73.92011894198512
224.0,-39.91888543806124,-73.91562736556453
224.0,-39.91888543806124,-73.91113578914393
224.0,-39.91888543806124,-73.90664421272334
224.0,-39.91888543806124,-73.90215263630274
224.0,-39.91888543806124,-73.89766105988214
224.0,-39.91888543806124,-73.89316948346155
224.0,-39.91888543806124,-73.88867790704094
224.0,-39.91888543806124,-73.88418633062035
224.0,-39.91888543806124,-73.87969475419975
224.0,-39.91888543806124,-73.87520317777916
224.0,-39.91888543806124,-73.87071160135855
224.0,-39.91888543806124,-73.86622002493796
224.0,-39.91888543806124,-73.86172844851735
224.0,-39.91888543806124,-73.85723687209676
224.0,-39.91888543806124,-73.85274529567616
224.0,-39.91888543806124,-73.84825371925557
224.0,-39.91888543806124,-73.84376214283498
224.0,-39.91888543806124,-73.83927056641437
224.0,-39.91888543806124,-73.83477898999378
216.0,-39.91888543806124,-73.83028741357317
216.0,-39.91888543806124,-73.82579583715258
216.0,-39.91888543806124,-73.82130426073198
216.0,-39.91888543806124,-73.81681268431139
216.0,-39.91888543806124,-73.81232110789078
216.0,-39.91888543806124,-73.80782953147019
216.0,-39.91888543806124,-73.80333795504959
216.0,-39.91888543806124,-73.798846378629
216.0,-39.91888543806124,-73.79435480220839
216.0,-39.91888543806124,-73.7898632257878
216.0,-39.91888543806124,-73.7853716493672
216.0,-39.91888543806124,-73.7808800729466
216.0,-39.91888543806124,-73.77638849652601
216.0,-39.91888543806124,-73.7718969201054
216.0,-39.91888543806124,-73.76740534368481
216.0,-39.91888543806124,-73.76291376726421
216.0,-39.91888543806124,-73.75842219084362
216.0,-39.91888543806124,-73.75393061442301
180.0,-39.91888543806124,-73.74943903800242
180.0,-39.91888543806124,-73.74494746158182
180.0,-39.91888543806124,-73.74045588516123
180.0,-39.91888543806124,-73.73596430874062
180.0,-39.91888543806124,-73.73147273232003
180.0,-39.91888543806124,-73.72698115589944
180.0,-39.91888543806124,-73.72248957947883
180.0,-39.91888543806124,-73.71799800305824
180.0,-39.91888543806124,-73.71350642663764
180.0,-39.91888543806124,-73.70901485021705
184.0,-39.91888543806124,-73.70452327379644
184.0,-39.91888543806124,-73.70003169737585
184.0,-39.91888543806124,-73.69554012095524
184.0,-39.91888543806124,-73.69104854453465
184.0,-39.91888543806124,-73.68655696811405
184.0,-39.91888543806124,-73.68206539169346
184.0,-39.91888543806124,-73.67757381527285
184.0,-39.91888543806124,-73.67308223885226
184.0,-39.91888543806124,-73.66859066243167
289.0,-39.91888543806124,-73.66409908601106
289.0,-39.91888543806124,-73.65960750959047
289.0,-39.91888543806124,-73.65511593316987
289.0,-39.91888543806124,-73.65062435674928
289.0,-39.91888543806124,-73.64613278032867
289.0,-39.91888543806124,-73.64164120390808
289.0,-39.91888543806124,-73.63714962748747
289.0,-39.91888543806124,-73.63265805106688
289.0,-39.91888543806124,-73.62816647464628
289.0,-39.91888543806124,-73.62367489822569
289.0,-39.91888543806124,-73.61918332180508
289.0,-39.91888543806124,-73.61469174538449
289.0,-39.91888543806124,-73.6102001689639
289.0,-39.91888543806124,-73.6057085925433
289.0,-39.91888543806124,-73.6012170161227
289.0,-39.91888543806124,-73.5967254397021
289.0,-39.91888543806124,-73.5922338632815
289.0,-39.91888543806124,-73.5877422868609
442.0,-39.91888543806124,-73.58325071044031
442.0,-39.91888543806124,-73.5787591340197
442.0,-39.91888543806124,-73.57426755759911
442.0,-39.91888543806124,-73.56977598117851
442.0,-39.91888543806124,-73.56528440475792
442.0,-39.91888543806124,-73.56079282833733
442.0,-39.91888543806124,-73.55630125191672
442.0,-39.91888543806124,-73.55180967549613
442.0,-39.91888543806124,-73.54731809907553
442.0,-39.91888543806124,-73.54282652265493
639.0,-39.91888543806124,-73.53833494623433
639.0,-39.91888543806124,-73.53384336981374
639.0,-39.91888543806124,-73.52935179339313
639.0,-39.91888543806124,-73.52486021697254
639.0,-39.91888543806124,-73.52036864055194
639.0,-39.91888543806124,-73.51587706413135
639.0,-39.91888543806124,-73.51138548771074
639.0,-39.91888543806124,-73.50689391129015
639.0,-39.91888543806124,-73.50240233486956
268.5,-39.91439386164064,-73.99647574113528
268.5,-39.91439386164064,-73.9919841647147
268.5,-39.91439386164064,-73.98749258829409
268.5,-39.91439386164064,-73.9830010118735
268.5,-39.91439386164064,-73.97850943545289
268.5,-39.91439386164064,-73.9740178590323
268.5,-39.91439386164064,-73.9695262826117
268.5,-39.91439386164064,-73.9650347061911
268.5,-39.91439386164064,-73.96054312977051
237.5,-39.91439386164064,-73.95605155334991
237.5,-39.91439386164064,-73.95155997692932
237.5,-39.91439386164064,-73.94706840050871
237.5,-39.91439386164064,-73.94257682408812
237.5,-39.91439386164064,-73.93808524766752
237.5,-39.91439386164064,-73.93359367124692
237.5,-39.91439386164064,-73.92910209482632
237.5,-39.91439386164064,-73.92461051840573
237.5,-39.91439386164064,-73.92011894198512
237.5,-39.91439386164064,-73.91562736556453
237.5,-39.91439386164064,-73.91113578914393
237.5,-39.91439386164064,-73.90664421272334
237.5,-39.91439386164064,-73.90215263630274
237.5,-39.91439386164064,-73.89766105988214
237.5,-39.91439386164064,-73.89316948346155
237.5,-39.91439386164064,-73.88867790704094
237.5,-39.91439386164064,-73.88418633062035
237.5,-39.91439386164064,-73.87969475419975
237.5,-39.91439386164064,-73.87520317777916
238.0,-39.91439386164064,-73.87071160135855
238.0,-39.91439386164064,-73.86622002493796
238.0,-39.91439386164064,-73.86172844851735
238.0,-39.91439386164064,-73.85723687209676
238.0,-39.91439386164064,-73.85274529567616
238.0,-39.91439386164064,-73.84825371925557
238.0,-39.91439386164064,-73.84376214283498
238.0,-39.91439386164064,-73.83927056641437
238.0,-39.91439386164064,-73.83477898999378
206.0,-39.91439386164064,-73.83028741357317
206.0,-39.91439386164064,-73.82579583715258
206.0,-39.91439386164064,-73.82130426073198
206.0,-39.91439386164064,-73.81681268431139
206.0,-39.91439386164064,-73.81232110789078
206.0,-39.91439386164064,-73.80782953147019
206.0,-39.91439386164064,-73.80333795504959
206.0,-39.91439386164064,-73.798846378629
206.0,-39.91439386164064,-73.79435480220839
170.0,-39.91439386164064,-73.7898632257878
170.0,-39.91439386164064,-73.7853716493672
170.0,-39.91439386164064,-73.7808800729466
170.0,-39.91439386164064,-73.77638849652601
170.0,-39.91439386164064,-73.7718969201054
170.0,-39.91439386164064,-73.76740534368481
170.0,-39.91439386164064,-73.76291376726421
170.0,-39.91439386164064,-73.75842219084362
170.0,-39.91439386164064,-73.75393061442301
170.0,-39.91439386164064,-73.74943903800242
170.0,-39.91439386164064,-73.74494746158182
170.0,-39.91439386164064,-73.74045588516123
170.0,-39.91439386164064,-73.73596430874062
170.0,-39.91439386164064,-73.73147273232003
170.0,-39.91439386164064,-73.72698115589944
170.0,-39.91439386164064,-73.72248957947883
170.0,-39.91439386164064,-73.71799800305824
170.0,-39.91439386164064,-73.71350642663764
170.0,-39.91439386164064,-73.70901485021705
160.0,-39.91439386164064,-73.70452327379644
160.0,-39.91439386164064,-73.70003169737585
160.0,-39.91439386164064,-73.69554012095524
160.0,-39.91439386164064,-73.69104854453465
160.0,-39.91439386164064,-73.68655696811405
160.0,-39.91439386164064,-73.68206539169346
160.0,-39.91439386164064,-73.67757381527285
160.0,-39.91439386164064,-73.67308223885226
160.0,-39.91439386164064,-73.66859066243167
168.0,-39.91439386164064,-73.66409908601106
168.0,-39.91439386164064,-73.65960750959047
168.0,-39.91439386164064,-73.65511593316987
168.0,-39.91439386164064,-73.65062435674928
168.0,-39.91439386164064,-73.64613278032867
168.0,-39.91439386164064,-73.64164120390808
168.0,-39.91439386164064,-73.63714962748747
168.0,-39.91439386164064,-73.63265805106688
168.0,-39.91439386164064,-73.62816647464628
298.0,-39.91439386164064,-73.62367489822569
298.0,-39.91439386164064,-73.61918332180508
298.0,-39.91439386164064,-73.61469174538449
298.0,-39.91439386164064,-73.6102001689639
298.0,-39.91439386164064,-73.6057085925433
298.0,-39.91439386164064,-73.6012170161227
298.0,-39.91439386164064,-73.5967254397021
298.0,-39.91439386164064,-73.5922338632815
298.0,-39.91439386164064,-73.5877422868609
298.0,-39.91439386164064,-73.58325071044031
298.0,-39.91439386164064,-73.5787591340197
298.0,-39.91439386164064,-73.57426755759911
298.0,-39.91439386164064,-73.56977598117851
298.0,-39.91439386164064,-73.56528440475792
298.0,-39.91439386164064,-73.56079282833733
298.0,-39.91439386164064,-73.55630125191672
298.0,-39.91439386164064,-73.55180967549613
298.0,-39.91439386164064,-73.54731809907553
298.0,-39.91439386164064,-73.54282652265493
588.0,-39.91439386164064,-73.53833494623433
588.0,-39.91439386164064,-73.53384336981374
588.0,-39.91439386164064,-73.52935179339313
588.0,-39.91439386164064,-73.52486021697254
588.0,-39.91439386164064,-73.52036864055194
588.0,-39.91439386164064,-73.51587706413135
588.0,-39.91439386164064,-73.51138548771074
588.0,-39.91439386164064,-73.50689391129015
588.0,-39.91439386164064,-73.50240233486956
268.5,-39.90990228522004,-73.99647574113528
268.5,-39.90990228522004,-73.9919841647147
268.5,-39.90990228522004,-73.98749258829409
268.5,-39.90990228522004,-73.9830010118735
268.5,-39.90990228522004,-73.97850943545289
268.5,-39.90990228522004,-73.9740178590323
268.5,-39.90990228522004,-73.9695262826117
268.5,-39.90990228522004,-73.9650347061911
268.5,-39.90990228522004,-73.96054312977051
237.5,-39.90990228522004,-73.95605155334991
237.5,-39.90990228522004,-73.95155997692932
237.5,-39.90990228522004,-73.94706840050871
237.5,-39.90990228522004,-73.94257682408812
237.5,-39.90990228522004,-73.93808524766752
237.5,-39.90990228522004,-73.93359367124692
237.5,-39.90990228522004,-73.92910209482632
237.5,-39.90990228522004,-73.92461051840573
237.5,-39.90990228522004,-73.92011894198512
237.5,-39.90990228522004,-73.91562736556453
237.5,-39.90990228522004,-73.91113578914393
237.5,-39.90990228522004,-73.90664421272334
237.5,-39.90990228522004,-73.90215263630274
237.5,-39.90990228522004,-73.89766105988214
237.5,-39.90990228522004,-73.89316948346155
237.5,-39.90990228522004,-73.88867790704094
237.5,-39.90990228522004,-73.88418633062035
237.5,-39.90990228522004,-73.87969475419975
237.5,-39.90990228522004,-73.87520317777916
238.0,-39.90990228522004,-73.87071160135855
238.0,-39.90990228522004,-73.86622002493796
238.0,-39.90990228522004,-73.86172844851735
238.0,-39.90990228522004,-73.85723687209676
238.0,-39.90990228522004,-73.85274529567616
238.0,-39.90990228522004,-73.84825371925557
238.0,-39.90990228522004,-73.84376214283498
238.0,-39.90990228522004,-73.83927056641437
238.0,-39.90990228522004,-73.83477898999378
206.0,-39.90990228522004,-73.83028741357317
206.0,-39.90990228522004,-73.82579583715258
206.0,-39.90990228522004,-73.82130426073198
206.0,-39.90990228522004,-73.81681268431139
206.0,-39.90990228522004,-73.81232110789078
206.0,-39.90990228522004,-73.80782953147019
206.0,-39.90990228522004,-73.80333795504959
206.0,-39.90990228522004,-73.798846378629
206.0,-39.90990228522004,-73.79435480220839
170.0,-39.90990228522004,-73.7898632257878
170.0,-39.90990228522004,-73.7853716493672
170.0,-39.90990228522004,-73.7808800729466
170.0,-39.90990228522004,-73.77638849652601
170.0,-39.90990228522004,-73.7718969201054
170.0,-39.90990228522004,-73.76740534368481
170.0,-39.90990228522004,-73.76291376726421
170.0,-39.90990228522004,-73.75842219084362
170.0,-39.90990228522004,-73.75393061442301
170.0,-39.90990228522004,-73.74943903800242
170.0,-39.90990228522004,-73.74494746158182
170.0,-39.90990228522004,-73.74045588516123
170.0,-39.90990228522004,-73.73596430874062
170.0,-39.90990228522004,-73.73147273232003
170.0,-39.90990228522004,-73.72698115589944
170.0,-39.90990228522004,-73.72248957947883
170.0,-39.90990228522004,-73.71799800305824
170.0,-39.90990228522004,-73.71350642663764
170.0,-39.90990228522004,-73.70901485021705
160.0,-39.90990228522004,-73.70452327379644
160.0,-39.90990228522004,-73.70003169737585
160.0,-39.90990228522004,-73.69554012095524
160.0,-39.90990228522004,-73.69104854453465
160.0,-39.90990228522004,-73.68655696811405
160.0,-39.90990228522004,-73.68206539169346
160.0,-39.90990228522004,-73.67757381527285
160.0,-39.90990228522004,-73.67308223885226
160.0,-39.90990228522004,-73.66859066243167
168.0,-39.90990228522004,-73.66409908601106
168.0,-39.90990228522004,-73.65960750959047
168.0,-39.90990228522004,-73.65511593316987
168.0,-39.90990228522004,-73.65062435674928
168.0,-39.90990228522004,-73.64613278032867
168.0,-39.90990228522004,-73.64164120390808
168.0,-39.90990228522004,-73.63714962748747
168.0,-39.90990228522004,-73.63265805106688
168.0,-39.90990228522004,-73.62816647464628
298.0,-39.90990228522004,-73.62367489822569
298.0,-39.90990228522004,-73.61918332180508
298.0,-39.90990228522004,-73.61469174538449
298.0,-39.90990228522004,-73.6102001689639
298.0,-39.90990228522004,-73.6057085925433
298.0,-39.90990228522004,-73.6012170161227
298.0,-39.90990228522004,-73.5967254397021
298.0,-39.90990228522004,-73.5922338632815
298.0,-39.90990228522004,-73.5877422868609
298.0,-39.90990228522004,-73.58325071044031
298.0,-39.90990228522004,-73.5787591340197
298.0,-39.90990228522004,-73.57426755759911
298.0,-39.90990228522004,-73.56977598117851
298.0,-39.90990228522004,-73.56528440475792
298.0,-39.90990228522004,-73.56079282833733
298.0,-39.90990228522004,-73.55630125191672
298.0,-39.90990228522004,-73.55180967549613
298.0,-39.90990228522004,-73.54731809907553
298.0,-39.90990228522004,-73.54282652265493
588.0,-39.90990228522004,-73.53833494623433
588.0,-39.90990228522004,-73.53384336981374
588.0,-39.90990228522004,-73.52935179339313
588.0,-39.90990228522004,-73.52486021697254
588.0,-39.90990228522004,-73.52036864055194
588.0,-39.90990228522004,-73.51587706413135
588.0,-39.90990228522004,-73.51138548771074
588.0,-39.90990228522004,-73.50689391129015
588.0,-39.90990228522004,-73.50240233486956
268.5,-39.905410708799444,-73.99647574113528
268.5,-39.905410708799444,-73.9919841647147
268.5,-39.905410708799444,-73.98749258829409
268.5,-39.905410708799444,-73.9830010118735
268.5,-39.905410708799444,-73.97850943545289
268.5,-39.905410708799444,-73.9740178590323
268.5,-39.905410708799444,-73.9695262826117
268.5,-39.905410708799444,-73.9650347061911
268.5,-39.905410708799444,-73.96054312977051
237.5,-39.905410708799444,-73.95605155334991
237.5,-39.905410708799444,-73.95155997692932
237.5,-39.905410708799444,-73.94706840050871
237.5,-39.905410708799444,-73.94257682408812
237.5,-39.905410708799444,-73.93808524766752
237.5,-39.905410708799444,-73.93359367124692
237.5,-39.905410708799444,-73.92910209482632
237.5,-39.905410708799444,-73.92461051840573
237.5,-39.905410708799444,-73.92011894198512
237.5,-39.905410708799444,-73.91562736556453
237.5,-39.905410708799444,-73.91113578914393
237.5,-39.905410708799444,-73.90664421272334
237.5,-39.905410708799444,-73.90215263630274
237.5,-39.905410708799444,-73.89766105988214
237.5,-39.905410708799444,-73.89316948346155
237.5,-39.905410708799444,-73.88867790704094
237.5,-39.905410708799444,-73.88418633062035
237.5,-39.905410708799444,-73.87969475419975
237.5,-39.905410708799444,-73.87520317777916
238.0,-39.905410708799444,-73.87071160135855
238.0,-39.905410708799444,-73.86622002493796
238.0,-39.905410708799444,-73.86172844851735
238.0,-39.905410708799444,-73.85723687209676
238.0,-39.905410708799444,-73.85274529567616
238.0,-39.905410708799444,-73.84825371925557
238.0,-39.905410708799444,-73.84376214283498
238.0,-39.905410708799444,-73.83927056641437
238.0,-39.905410708799444,-73.83477898999378
206.0,-39.905410708799444,-73.83028741357317
206.0,-39.905410708799444,-73.82579583715258
206.0,-39.905410708799444,-73.82130426073198
206.0,-39.905410708799444,-73.81681268431139
206.0,-39.905410708799444,-73.81232110789078
206.0,-39.905410708799444,-73.80782953147019
206.0,-39.905410708799444,-73.80333795504959
206.0,-39.905410708799444,-73.798846378629
206.0,-39.905410708799444,-73.79435480220839
170.0,-39.905410708799444,-73.7898632257878
170.0,-39.905410708799444,-73.7853716493672
170.0,-39.905410708799444,-73.7808800729466
170.0,-39.905410708799444,-73.77638849652601
170.0,-39.905410708799444,-73.7718969201054
170.0,-39.905410708799444,-73.76740534368481
170.0,-39.905410708799444,-73.76291376726421
170.0,-39.905410708799444,-73.75842219084362
170.0,-39.905410708799444,-73.75393061442301
170.0,-39.905410708799444,-73.74943903800242
170.0,-39.905410708799444,-73.74494746158182
170.0,-39.905410708799444,-73.74045588516123
170.0,-39.905410708799444,-73.73596430874062
170.0,-39.905410708799444,-73.73147273232003
170.0,-39.905410708799444,-73.72698115589944
170.0,-39.905410708799444,-73.72248957947883
170.0,-39.905410708799444,-73.71799800305824
170.0,-39.905410708799444,-73.71350642663764
170.0,-39.905410708799444,-73.70901485021705
160.0,-39.905410708799444,-73.70452327379644
160.0,-39.905410708799444,-73.70003169737585
160.0,-39.905410708799444,-73.69554012095524
160.0,-39.905410708799444,-73.69104854453465
160.0,-39.905410708799444,-73.68655696811405
160.0,-39.905410708799444,-73.68206539169346
160.0,-39.905410708799444,-73.67757381527285
160.0,-39.905410708799444,-73.67308223885226
160.0,-39.905410708799444,-73.66859066243167
168.0,-39.905410708799444,-73.66409908601106
168.0,-39.905410708799444,-73.65960750959047
168.0,-39.905410708799444,-73.65511593316987
168.0,-39.905410708799444,-73.65062435674928
168.0,-39.905410708799444,-73.64613278032867
168.0,-39.905410708799444,-73.64164120390808
168.0,-39.905410708799444,-73.63714962748747
168.0,-39.905410708799444,-73.63265805106688
168.0,-39.905410708799444,-73.62816647464628
298.0,-39.905410708799444,-73.62367489822569
298.0,-39.905410708799444,-73.61918332180508
298.0,-39.905410708799444,-73.61469174538449
298.0,-39.905410708799444,-73.6102001689639
298.0,-39.905410708799444,-73.6057085925433
298.0,-39.905410708799444,-73.6012170161227
298.0,-39.905410708799444,-73.5967254397021
298.0,-39.905410708799444,-73.5922338632815
298.0,-39.905410708799444,-73.5877422868609
298.0,-39.905410708799444,-73.58325071044031
298.0,-39.905410708799444,-73.5787591340197
298.0,-39.905410708799444,-73.57426755759911
298.0,-39.905410708799444,-73.56977598117851
298.0,-39.905410708799444,-73.56528440475792
298.0,-39.905410708799444,-73.56079282833733
298.0,-39.905410708799444,-73.55630125191672
298.0,-39.905410708799444,-73.55180967549613
298.0,-39.905410708799444,-73.54731809907553
298.0,-39.905410708799444,-73.54282652265493
588.0,-39.905410708799444,-73.53833494623433
588.0,-39.905410708799444,-73.53384336981374
588.0,-39.905410708799444,-73.52935179339313
588.0,-39.905410708799444,-73.52486021697254
588.0,-39.905410708799444,-73.52036864055194
588.0,-39.905410708799444,-73.51587706413135
588.0,-39.905410708799444,-73.51138548771074
588.0,-39.905410708799444,-73.50689391129015
588.0,-39.905410708799444,-73.50240233486956
268.5,-39.900919132378846,-73.99647574113528
268.5,-39.900919132378846,-73.9919841647147
268.5,-39.900919132378846,-73.98749258829409
268.5,-39.900919132378846,-73.9830010118735
268.5,-39.900919132378846,-73.97850943545289
268.5,-39.900919132378846,-73.9740178590323
268.5,-39.900919132378846,-73.9695262826117
268.5,-39.900919132378846,-73.9650347061911
268.5,-39.900919132378846,-73.96054312977051
237.5,-39.900919132378846,-73.95605155334991
237.5,-39.900919132378846,-73.95155997692932
237.5,-39.900919132378846,-73.94706840050871
237.5,-39.900919132378846,-73.94257682408812
237.5,-39.900919132378846,-73.93808524766752
237.5,-39.900919132378846,-73.93359367124692
237.5,-39.900919132378846,-73.92910209482632
237.5,-39.900919132378846,-73.92461051840573
237.5,-39.900919132378846,-73.92011894198512
237.5,-39.900919132378846,-73.91562736556453
237.5,-39.900919132378846,-73.91113578914393
237.5,-39.900919132378846,-73.90664421272334
237.5,-39.900919132378846,-73.90215263630274
237.5,-39.900919132378846,-73.89766105988214
237.5,-39.900919132378846,-73.89316948346155
237.5,-39.900919132378846,-73.88867790704094
237.5,-39.900919132378846,-73.88418633062035
237.5,-39.900919132378846,-73.87969475419975
237.5,-39.900919132378846,-73.87520317777916
238.0,-39.900919132378846,-73.87071160135855
238.0,-39.900919132378846,-73.86622002493796
238.0,-39.900919132378846,-73.86172844851735
238.0,-39.900919132378846,-73.85723687209676
238.0,-39.900919132378846,-73.85274529567616
238.0,-39.900919132378846,-73.84825371925557
238.0,-39.900919132378846,-73.84376214283498
238.0,-39.900919132378846,-73.83927056641437
238.0,-39.900919132378846,-73.83477898999378
206.0,-39.900919132378846,-73.83028741357317
206.0,-39.900919132378846,-73.82579583715258
206.0,-39.900919132378846,-73.82130426073198
206.0,-39.900919132378846,-73.81681268431139
206.0,-39.900919132378846,-73.81232110789078
206.0,-39.900919132378846,-73.80782953147019
206.0,-39.900919132378846,-73.80333795504959
206.0,-39.900919132378846,-73.798846378629
206.0,-39.900919132378846,-73.79435480220839
170.0,-39.900919132378846,-73.7898632257878
170.0,-39.900919132378846,-73.7853716493672
170.0,-39.900919132378846,-73.7808800729466
170.0,-39.900919132378846,-73.77638849652601
170.0,-39.900919132378846,-73.7718969201054
170.0,-39.900919132378846,-73.76740534368481
170.0,-39.900919132378846,-73.76291376726421
170.0,-39.900919132378846,-73.75842219084362
170.0,-39.900919132378846,-73.75393061442301
170.0,-39.900919132378846,-73.74943903800242
170.0,-39.900919132378846,-73.74494746158182
170.0,-39.900919132378846,-73.74045588516123
170.0,-39.900919132378846,-73.73596430874062
170.0,-39.900919132378846,-73.73147273232003
170.0,-39.900919132378846,-73.72698115589944
170.0,-39.900919132378846,-73.72248957947883
170.0,-39.900919132378846,-73.71799800305824
170.0,-39.900919132378846,-73.71350642663764
170.0,-39.900919132378846,-73.70901485021705
160.0,-39.900919132378846,-73.70452327379644
160.0,-39.900919132378846,-73.70003169737585
160.0,-39.900919132378846,-73.69554012095524
160.0,-39.900919132378846,-73.69104854453465
160.0,-39.900919132378846,-73.68655696811405
160.0,-39.900919132378846,-73.68206539169346
160.0,-39.900919132378846,-73.67757381527285
160.0,-39.900919132378846,-73.67308223885226
160.0,-39.900919132378846,-73.66859066243167
168.0,-39.900919132378846,-73.66409908601106
168.0,-39.900919132378846,-73.65960750959047
168.0,-39.900919132378846,-73.65511593316987
168.0,-39.900919132378846,-73.65062435674928
168.0,-39.900919132378846,-73.64613278032867
168.0,-39.900919132378846,-73.64164120390808
168.0,-39.900919132378846,-73.63714962748747
168.0,-39.900919132378846,-73.63265805106688
168.0,-39.900919132378846,-73.62816647464628
298.0,-39.900919132378846,-73.62367489822569
298.0,-39.900919132378846,-73.61918332180508
298.0,-39.900919132378846,-73.61469174538449
298.0,-39.900919132378846,-73.6102001689639
298.0,-39.900919132378846,-73.6057085925433
298.0,-39.900919132378846,-73.6012170161227
298.0,-39.900919132378846,-73.5967254397021
298.0,-39.900919132378846,-73.5922338632815
298.0,-39.900919132378846,-73.5877422868609
298.0,-39.900919132378846,-73.58325071044031
298.0,-39.900919132378846,-73.5787591340197
298.0,-39.900919132378846,-73.57426755759911
298.0,-39.900919132378846,-73.56977598117851
298.0,-39.900919132378846,-73.56528440475792
298.0,-39.900919132378846,-73.56079282833733
298.0,-39.900919132378846,-73.55630125191672
298.0,-39.900919132378846,-73.55180967549613
298.0,-39.900919132378846,-73.54731809907553
298.0,-39.900919132378846,-73.54282652265493
588.0,-39.900919132378846,-73.53833494623433
588.0,-39.900919132378846,-73.53384336981374
588.0,-39.900919132378846,-73.52935179339313
588.0,-39.900919132378846,-73.52486021697254
588.0,-39.900919132378846,-73.52036864055194
588.0,-39.900919132378846,-73.51587706413135
588.0,-39.900919132378846,-73.51138548771074
588.0,-39.900919132378846,-73.50689391129015
588.0,-39.900919132378846,-73.50240233486956
