temp,lat,lon
20210.0,-39.999733813632,-73.99647574113528
20210.0,-39.999733813632,-73.9919841647147
20210.0,-39.999733813632,-73.98749258829409
20210.0,-39.999733813632,-73.9830010118735
20210.0,-39.999733813632,-73.97850943545289
20210.0,-39.999733813632,-73.9740178590323
20210.0,-39.999733813632,-73.9695262826117
20210.0,-39.999733813632,-73.9650347061911
20210.0,-39.999733813632,-73.96054312977051
19965.0,-39.999733813632,-73.95605155334991
19965.0,-39.999733813632,-73.95155997692932
19965.0,-39.999733813632,-73.94706840050871
19965.0,-39.999733813632,-73.94257682408812
19965.0,-39.999733813632,-73.93808524766752
19965.0,-39.999733813632,-73.93359367124692
19965.0,-39.999733813632,-73.92910209482632
19965.0,-39.999733813632,-73.92461051840573
19965.0,-39.999733813632,-73.92011894198512
19561.0,-39.999733813632,-73.91562736556453
19561.0,-39.999733813632,-73.91113578914393
19561.0,-39.999733813632,-73.90664421272334
19561.0,-39.999733813632,-73.90215263630274
19561.0,-39.999733813632,-73.89766105988214
19561.0,-39.999733813632,-73.89316948346155
19561.0,-39.999733813632,-73.88867790704094
19561.0,-39.999733813632,-73.88418633062035
19561.0,-39.999733813632,-73.87969475419975
19561.0,-39.999733813632,-73.87520317777916
18957.0,-39.999733813632,-73.87071160135855
18957.0,-39.999733813632,-73.86622002493796
18957.0,-39.999733813632,-73.86172844851735
18957.0,-39.999733813632,-73.85723687209676
18957.0,-39.999733813632,-73.85274529567616
18957.0,-39.999733813632,-73.84825371925557
18957.0,-39.999733813632,-73.84376214283498
18957.0,-39.999733813632,-73.83927056641437
18957.0,-39.999733813632,-73.83477898999378
18957.0,-39.999733813632,-73.83028741357317
18957.0,-39.999733813632,-73.82579583715258
18957.0,-39.999733813632,-73.82130426073198
18957.0,-39.999733813632,-73.81681268431139
18957.0,-39.999733813632,-73.81232110789078
18957.0,-39.999733813632,-73.80782953147019
18957.0,-39.999733813632,-73.80333795504959
18957.0,-39.999733813632,-73.798846378629
18957.0,-39.999733813632,-73.79435480220839
18347.5,-39.999733813632,-73.7898632257878
18347.5,-39.999733813632,-73.7853716493672
18347.5,-39.999733813632,-73.7808800729466
18347.5,-39.999733813632,-73.77638849652601
18347.5,-39.999733813632,-73.7718969201054
18347.5,-39.999733813632,-73.76740534368481
18347.5,-39.999733813632,-73.76291376726421
18347.5,-39.999733813632,-73.75842219084362
18347.5,-39.999733813632,-73.75393061442301
18668.5,-39.999733813632,-73.74943903800242
18668.5,-39.999733813632,-73.74494746158182
18668.5,-39.999733813632,-73.74045588516123
18668.5,-39.999733813632,-73.73596430874062
18668.5,-39.999733813632,-73.73147273232003
18668.5,-39.999733813632,-73.72698115589944
18668.5,-39.999733813632,-73.72248957947883
18668.5,-39.999733813632,-73.71799800305824
18668.5,-39.999733813632,-73.71350642663764
18668.5,-39.999733813632,-73.70901485021705
18388.5,-39.999733813632,-73.70452327379644
18388.5,-39.999733813632,-73.70003169737585
18388.5,-39.999733813632,-73.69554012095524
18388.5,-39.999733813632,-73.69104854453465
18388.5,-39.999733813632,-73.68655696811405
18388.5,-39.999733813632,-73.68206539169346
18388.5,-39.999733813632,-73.67757381527285
18388.5,-39.999733813632,-73.67308223885226
18388.5,-39.999733813632,-73.66859066243167
20210.0,-39.9952422372114,-73.99647574113528
20210.0,-39.9952422372114,-73.9919841647147
20210.0,-39.9952422372114,-73.98749258829409
20210.0,-39.9952422372114,-73.9830010118735
20210.0,-39.9952422372114,-73.97850943545289
20210.0,-39.9952422372114,-73.9740178590323
20210.0,-39.9952422372114,-73.9695262826117
20210.0,-39.9952422372114,-73.9650347061911
20210.0,-39.9952422372114,-73.96054312977051
19965.0,-39.9952422372114,-73.95605155334991
19965.0,-39.9952422372114,-73.95155997692932
19965.0,-39.9952422372114,-73.94706840050871
19965.0,-39.9952422372114,-73.94257682408812
19965.0,-39.9952422372114,-73.93808524766752
19965.0,-39.9952422372114,-73.93359367124692
19965.0,-39.9952422372114,-73.92910209482632
19965.0,-39.9952422372114,-73.92461051840573
19965.0,-39.9952422372114,-73.92011894198512
19561.0,-39.9952422372114,-73.91562736556453
19561.0,-39.9952422372114,-73.91113578914393
19561.0,-39.9952422372114,-73.90664421272334
19561.0,-39.9952422372114,-73.90215263630274
19561.0,-39.9952422372114,-73.89766105988214
19561.0,-39.9952422372114,-73.89316948346155
19561.0,-39.9952422372114,-73.88867790704094
19561.0,-39.9952422372114,-73.88418633062035
19561.0,-39.9952422372114,-73.87969475419975
19561.0,-39.9952422372114,-73.87520317777916
18957.0,-39.9952422372114,-73.87071160135855
18957.0,-39.9952422372114,-73.86622002493796
18957.0,-39.9952422372114,-73.86172844851735
18957.0,-39.9952422372114,-73.85723687209676
18957.0,-39.9952422372114,-73.85274529567616
18957.0,-39.9952422372114,-73.84825371925557
18957.0,-39.9952422372114,-73.84376214283498
18957.0,-39.9952422372114,-73.83927056641437
18957.0,-39.9952422372114,-73.83477898999378
18957.0,-39.9952422372114,-73.83028741357317
18957.0,-39.9952422372114,-73.82579583715258
18957.0,-39.9952422372114,-73.82130426073198
18957.0,-39.9952422372114,-73.81681268431139
18957.0,-39.9952422372114,-73.81232110789078
18957.0,-39.9952422372114,-73.80782953147019
18957.0,-39.9952422372114,-73.80333795504959
18957.0,-39.9952422372114,-73.798846378629
18957.0,-39.9952422372114,-73.79435480220839
18347.5,-39.9952422372114,-73.7898632257878
18347.5,-39.9952422372114,-73.7853716493672
18347.5,-39.9952422372114,-73.7808800729466
18347.5,-39.9952422372114,-73.77638849652601
18347.5,-39.9952422372114,-73.7718969201054
18347.5,-39.9952422372114,-73.76740534368481
18347.5,-39.9952422372114,-73.76291376726421
18347.5,-39.9952422372114,-73.75842219084362
18347.5,-39.9952422372114,-73.75393061442301
18668.5,-39.9952422372114,-73.74943903800242
18668.5,-39.9952422372114,-73.74494746158182
18668.5,-39.9952422372114,-73.74045588516123
18668.5,-39.9952422372114,-73.73596430874062
18668.5,-39.9952422372114,-73.73147273232003
18668.5,-39.9952422372114,-73.72698115589944
18668.5,-39.9952422372114,-73.72248957947883
18668.5,-39.9952422372114,-73.71799800305824
18668.5,-39.9952422372114,-73.71350642663764
18668.5,-39.9952422372114,-73.70901485021705
18388.5,-39.9952422372114,-73.70452327379644
18388.5,-39.9952422372114,-73.70003169737585
18388.5,-39.9952422372114,-73.69554012095524
18388.5,-39.9952422372114,-73.69104854453465
18388.5,-39.9952422372114,-73.68655696811405
18388.5,-39.9952422372114,-73.68206539169346
18388.5,-39.9952422372114,-73.67757381527285
18388.5,-39.9952422372114,-73.67308223885226
18388.5,-39.9952422372114,-73.66859066243167
20210.0,-39.9907506607908,-73.99647574113528
20210.0,-39.9907506607908,-73.9919841647147
20210.0,-39.9907506607908,-73.98749258829409
20210.0,-39.9907506607908,-73.9830010118735
20210.0,-39.9907506607908,-73.97850943545289
20210.0,-39.9907506607908,-73.9740178590323
20210.0,-39.9907506607908,-73.9695262826117
20210.0,-39.9907506607908,-73.9650347061911
20210.0,-39.9907506607908,-73.96054312977051
19965.0,-39.9907506607908,-73.95605155334991
19965.0,-39.9907506607908,-73.95155997692932
19965.0,-39.9907506607908,-73.94706840050871
19965.0,-39.9907506607908,-73.94257682408812
19965.0,-39.9907506607908,-73.93808524766752
19965.0,-39.9907506607908,-73.93359367124692
19965.0,-39.9907506607908,-73.92910209482632
19965.0,-39.9907506607908,-73.92461051840573
19965.0,-39.9907506607908,-73.92011894198512
19561.0,-39.9907506607908,-73.91562736556453
19561.0,-39.9907506607908,-73.91113578914393
19561.0,-39.9907506607908,-73.90664421272334
19561.0,-39.9907506607908,-73.90215263630274
19561.0,-39.9907506607908,-73.89766105988214
19561.0,-39.9907506607908,-73.89316948346155
19561.0,-39.9907506607908,-73.88867790704094
19561.0,-39.9907506607908,-73.88418633062035
19561.0,-39.9907506607908,-73.87969475419975
19561.0,-39.9907506607908,-73.87520317777916
18957.0,-39.9907506607908,-73.87071160135855
18957.0,-39.9907506607908,-73.86622002493796
18957.0,-39.9907506607908,-73.86172844851735
18957.0,-39.9907506607908,-73.85723687209676
18957.0,-39.9907506607908,-73.85274529567616
18957.0,-39.9907506607908,-73.84825371925557
18957.0,-39.9907506607908,-73.84376214283498
18957.0,-39.9907506607908,-73.83927056641437
18957.0,-39.9907506607908,-73.83477898999378
18957.0,-39.9907506607908,-73.83028741357317
18957.0,-39.9907506607908,-73.82579583715258
18957.0,-39.9907506607908,-73.82130426073198
18957.0,-39.9907506607908,-73.81681268431139
18957.0,-39.9907506607908,-73.81232110789078
18957.0,-39.9907506607908,-73.80782953147019
18957.0,-39.9907506607908,-73.80333795504959
18957.0,-39.9907506607908,-73.798846378629
18957.0,-39.9907506607908,-73.79435480220839
18347.5,-39.9907506607908,-73.7898632257878
18347.5,-39.9907506607908,-73.7853716493672
18347.5,-39.9907506607908,-73.7808800729466
18347.5,-39.9907506607908,-73.77638849652601
18347.5,-39.9907506607908,-73.7718969201054
18347.5,-39.9907506607908,-73.76740534368481
18347.5,-39.9907506607908,-73.76291376726421
18347.5,-39.9907506607908,-73.75842219084362
18347.5,-39.9907506607908,-73.75393061442301
18668.5,-39.9907506607908,-73.74943903800242
18668.5,-39.9907506607908,-73.74494746158182
18668.5,-39.9907506607908,-73.74045588516123
18668.5,-39.9907506607908,-73.73596430874062
18668.5,-39.9907506607908,-73.73147273232003
18668.5,-39.9907506607908,-73.72698115589944
18668.5,-39.9907506607908,-73.72248957947883
18668.5,-39.9907506607908,-73.71799800305824
18668.5,-39.9907506607908,-73.71350642663764
18668.5,-39.9907506607908,-73.70901485021705
18388.5,-39.9907506607908,-73.70452327379644
18388.5,-39.9907506607908,-73.70003169737585
18388.5,-39.9907506607908,-73.69554012095524
18388.5,-39.9907506607908,-73.69104854453465
18388.5,-39.9907506607908,-73.68655696811405
18388.5,-39.9907506607908,-73.68206539169346
18388.5,-39.9907506607908,-73.67757381527285
18388.5,-39.9907506607908,-73.67308223885226
18388.5,-39.9907506607908,-73.66859066243167
20210.0,-39.986259084370204,-73.99647574113528
20210.0,-39.986259084370204,-73.9919841647147
20210.0,-39.986259084370204,-73.98749258829409
20210.0,-39.986259084370204,-73.9830010118735
20210.0,-39.986259084370204,-73.97850943545289
20210.0,-39.986259084370204,-73.9740178590323
20210.0,-39.986259084370204,-73.9695262826117
20210.0,-39.986259084370204,-73.9650347061911
20210.0,-39.986259084370204,-73.96054312977051
19965.0,-39.986259084370204,-73.95605155334991
19965.0,-39.986259084370204,-73.95155997692932
19965.0,-39.986259084370204,-73.94706840050871
19965.0,-39.986259084370204,-73.94257682408812
19965.0,-39.986259084370204,-73.93808524766752
19965.0,-39.986259084370204,-73.93359367124692
19965.0,-39.986259084370204,-73.92910209482632
19965.0,-39.986259084370204,-73.92461051840573
19965.0,-39.986259084370204,-73.92011894198512
19561.0,-39.986259084370204,-73.91562736556453
19561.0,-39.986259084370204,-73.91113578914393
19561.0,-39.986259084370204,-73.90664421272334
19561.0,-39.986259084370204,-73.90215263630274
19561.0,-39.986259084370204,-73.89766105988214
19561.0,-39.986259084370204,-73.89316948346155
19561.0,-39.986259084370204,-73.88867790704094
19561.0,-39.986259084370204,-73.88418633062035
19561.0,-39.986259084370204,-73.87969475419975
19561.0,-39.986259084370204,-73.87520317777916
18957.0,-39.986259084370204,-73.87071160135855
18957.0,-39.986259084370204,-73.86622002493796
18957.0,-39.986259084370204,-73.86172844851735
18957.0,-39.986259084370204,-73.85723687209676
18957.0,-39.986259084370204,-73.85274529567616
18957.0,-39.986259084370204,-73.84825371925557
18957.0,-39.986259084370204,-73.84376214283498
18957.0,-39.986259084370204,-73.83927056641437
18957.0,-39.986259084370204,-73.83477898999378
18957.0,-39.986259084370204,-73.83028741357317
18957.0,-39.986259084370204,-73.82579583715258
18957.0,-39.986259084370204,-73.82130426073198
18957.0,-39.986259084370204,-73.81681268431139
18957.0,-39.986259084370204,-73.81232110789078
18957.0,-39.986259084370204,-73.80782953147019
18957.0,-39.986259084370204,-73.80333795504959
18957.0,-39.986259084370204,-73.798846378629
18957.0,-39.986259084370204,-73.79435480220839
18347.5,-39.986259084370204,-73.7898632257878
18347.5,-39.986259084370204,-73.7853716493672
18347.5,-39.986259084370204,-73.7808800729466
18347.5,-39.986259084370204,-73.77638849652601
18347.5,-39.986259084370204,-73.7718969201054
18347.5,-39.986259084370204,-73.76740534368481
18347.5,-39.986259084370204,-73.76291376726421
18347.5,-39.986259084370204,-73.75842219084362
18347.5,-39.986259084370204,-73.75393061442301
18668.5,-39.986259084370204,-73.74943903800242
18668.5,-39.986259084370204,-73.74494746158182
18668.5,-39.986259084370204,-73.74045588516123
18668.5,-39.986259084370204,-73.73596430874062
18668.5,-39.986259084370204,-73.73147273232003
18668.5,-39.986259084370204,-73.72698115589944
18668.5,-39.986259084370204,-73.72248957947883
18668.5,-39.986259084370204,-73.71799800305824
18668.5,-39.986259084370204,-73.71350642663764
18668.5,-39.986259084370204,-73.70901485021705
18388.5,-39.986259084370204,-73.70452327379644
18388.5,-39.986259084370204,-73.70003169737585
18388.5,-39.986259084370204,-73.69554012095524
18388.5,-39.986259084370204,-73.69104854453465
18388.5,-39.986259084370204,-73.68655696811405
18388.5,-39.986259084370204,-73.68206539169346
18388.5,-39.986259084370204,-73.67757381527285
18388.5,-39.986259084370204,-73.67308223885226
18388.5,-39.986259084370204,-73.66859066243167
20210.0,-39.981767507949606,-73.99647574113528
20210.0,-39.981767507949606,-73.9919841647147
20210.0,-39.981767507949606,-73.98749258829409
20210.0,-39.981767507949606,-73.9830010118735
20210.0,-39.981767507949606,-73.97850943545289
20210.0,-39.981767507949606,-73.9740178590323
20210.0,-39.981767507949606,-73.9695262826117
20210.0,-39.981767507949606,-73.9650347061911
20210.0,-39.981767507949606,-73.96054312977051
19965.0,-39.981767507949606,-73.95605155334991
19965.0,-39.981767507949606,-73.95155997692932
19965.0,-39.981767507949606,-73.94706840050871
19965.0,-39.981767507949606,-73.94257682408812
19965.0,-39.981767507949606,-73.93808524766752
19965.0,-39.981767507949606,-73.93359367124692
19965.0,-39.981767507949606,-73.92910209482632
19965.0,-39.981767507949606,-73.92461051840573
19965.0,-39.981767507949606,-73.92011894198512
19561.0,-39.981767507949606,-73.91562736556453
19561.0,-39.981767507949606,-73.91113578914393
19561.0,-39.981767507949606,-73.90664421272334
19561.0,-39.981767507949606,-73.90215263630274
19561.0,-39.981767507949606,-73.89766105988214
19561.0,-39.981767507949606,-73.89316948346155
19561.0,-39.981767507949606,-73.88867790704094
19561.0,-39.981767507949606,-73.88418633062035
19561.0,-39.981767507949606,-73.87969475419975
19561.0,-39.981767507949606,-73.87520317777916
18957.0,-39.981767507949606,-73.87071160135855
18957.0,-39.981767507949606,-73.86622002493796
18957.0,-39.981767507949606,-73.86172844851735
18957.0,-39.981767507949606,-73.85723687209676
18957.0,-39.981767507949606,-73.85274529567616
18957.0,-39.981767507949606,-73.84825371925557
18957.0,-39.981767507949606,-73.84376214283498
18957.0,-39.981767507949606,-73.83927056641437
18957.0,-39.981767507949606,-73.83477898999378
18957.0,-39.981767507949606,-73.83028741357317
18957.0,-39.981767507949606,-73.82579583715258
18957.0,-39.981767507949606,-73.82130426073198
18957.0,-39.981767507949606,-73.81681268431139
18957.0,-39.981767507949606,-73.81232110789078
18957.0,-39.981767507949606,-73.80782953147019
18957.0,-39.981767507949606,-73.80333795504959
18957.0,-39.981767507949606,-73.798846378629
18957.0,-39.981767507949606,-73.79435480220839
18347.5,-39.981767507949606,-73.7898632257878
18347.5,-39.981767507949606,-73.7853716493672
18347.5,-39.981767507949606,-73.7808800729466
18347.5,-39.981767507949606,-73.77638849652601
18347.5,-39.981767507949606,-73.7718969201054
18347.5,-39.981767507949606,-73.76740534368481
18347.5,-39.981767507949606,-73.76291376726421
18347.5,-39.981767507949606,-73.75842219084362
18347.5,-39.981767507949606,-73.75393061442301
18668.5,-39.981767507949606,-73.74943903800242
18668.5,-39.981767507949606,-73.74494746158182
18668.5,-39.981767507949606,-73.74045588516123
18668.5,-39.981767507949606,-73.73596430874062
18668.5,-39.981767507949606,-73.73147273232003
18668.5,-39.981767507949606,-73.72698115589944
18668.5,-39.981767507949606,-73.72248957947883
18668.5,-39.981767507949606,-73.71799800305824
18668.5,-39.981767507949606,-73.71350642663764
18668.5,-39.981767507949606,-73.70901485021705
18388.5,-39.981767507949606,-73.70452327379644
18388.5,-39.981767507949606,-73.70003169737585
18388.5,-39.981767507949606,-73.69554012095524
18388.5,-39.981767507949606,-73.69104854453465
18388.5,-39.981767507949606,-73.68655696811405
18388.5,-39.981767507949606,-73.68206539169346
18388.5,-39.981767507949606,-73.67757381527285
18388.5,-39.981767507949606,-73.67308223885226
18388.5,-39.981767507949606,-73.66859066243167
20210.0,-39.97727593152901,-73.99647574113528
20210.0,-39.97727593152901,-73.9919841647147
20210.0,-39.97727593152901,-73.98749258829409
20210.0,-39.97727593152901,-73.9830010118735
20210.0,-39.97727593152901,-73.97850943545289
20210.0,-39.97727593152901,-73.9740178590323
20210.0,-39.97727593152901,-73.9695262826117
20210.0,-39.97727593152901,-73.9650347061911
20210.0,-39.97727593152901,-73.96054312977051
19965.0,-39.97727593152901,-73.95605155334991
19965.0,-39.97727593152901,-73.95155997692932
19965.0,-39.97727593152901,-73.94706840050871
19965.0,-39.97727593152901,-73.94257682408812
19965.0,-39.97727593152901,-73.93808524766752
19965.0,-39.97727593152901,-73.93359367124692
19965.0,-39.97727593152901,-73.92910209482632
19965.0,-39.97727593152901,-73.92461051840573
19965.0,-39.97727593152901,-73.92011894198512
19561.0,-39.97727593152901,-73.91562736556453
19561.0,-39.97727593152901,-73.91113578914393
19561.0,-39.97727593152901,-73.90664421272334
19561.0,-39.97727593152901,-73.90215263630274
19561.0,-39.97727593152901,-73.89766105988214
19561.0,-39.97727593152901,-73.89316948346155
19561.0,-39.97727593152901,-73.88867790704094
19561.0,-39.97727593152901,-73.88418633062035
19561.0,-39.97727593152901,-73.87969475419975
19561.0,-39.97727593152901,-73.87520317777916
18957.0,-39.97727593152901,-73.87071160135855
18957.0,-39.97727593152901,-73.86622002493796
18957.0,-39.97727593152901,-73.86172844851735
18957.0,-39.97727593152901,-73.85723687209676
18957.0,-39.97727593152901,-73.85274529567616
18957.0,-39.97727593152901,-73.84825371925557
18957.0,-39.97727593152901,-73.84376214283498
18957.0,-39.97727593152901,-73.83927056641437
18957.0,-39.97727593152901,-73.83477898999378
18957.0,-39.97727593152901,-73.83028741357317
18957.0,-39.97727593152901,-73.82579583715258
18957.0,-39.97727593152901,-73.82130426073198
18957.0,-39.97727593152901,-73.81681268431139
18957.0,-39.97727593152901,-73.81232110789078
18957.0,-39.97727593152901,-73.80782953147019
18957.0,-39.97727593152901,-73.80333795504959
18957.0,-39.97727593152901,-73.798846378629
18957.0,-39.97727593152901,-73.79435480220839
18347.5,-39.97727593152901,-73.7898632257878
18347.5,-39.97727593152901,-73.7853716493672
18347.5,-39.97727593152901,-73.7808800729466
18347.5,-39.97727593152901,-73.77638849652601
18347.5,-39.97727593152901,-73.7718969201054
18347.5,-39.97727593152901,-73.76740534368481
18347.5,-39.97727593152901,-73.76291376726421
18347.5,-39.97727593152901,-73.75842219084362
18347.5,-39.97727593152901,-73.75393061442301
18668.5,-39.97727593152901,-73.74943903800242
18668.5,-39.97727593152901,-73.74494746158182
18668.5,-39.97727593152901,-73.74045588516123
18668.5,-39.97727593152901,-73.73596430874062
18668.5,-39.97727593152901,-73.73147273232003
18668.5,-39.97727593152901,-73.72698115589944
18668.5,-39.97727593152901,-73.72248957947883
18668.5,-39.97727593152901,-73.71799800305824
18668.5,-39.97727593152901,-73.71350642663764
18668.5,-39.97727593152901,-73.70901485021705
18388.5,-39.97727593152901,-73.70452327379644
18388.5,-39.97727593152901,-73.70003169737585
18388.5,-39.97727593152901,-73.69554012095524
18388.5,-39.97727593152901,-73.69104854453465
18388.5,-39.97727593152901,-73.68655696811405
18388.5,-39.97727593152901,-73.68206539169346
18388.5,-39.97727593152901,-73.67757381527285
18388.5,-39.97727593152901,-73.67308223885226
18388.5,-39.97727593152901,-73.66859066243167
20210.0,-39.97278435510841,-73.99647574113528
20210.0,-39.97278435510841,-73.9919841647147
20210.0,-39.97278435510841,-73.98749258829409
20210.0,-39.97278435510841,-73.9830010118735
20210.0,-39.97278435510841,-73.97850943545289
20210.0,-39.97278435510841,-73.9740178590323
20210.0,-39.97278435510841,-73.9695262826117
20210.0,-39.97278435510841,-73.9650347061911
20210.0,-39.97278435510841,-73.96054312977051
19965.0,-39.97278435510841,-73.95605155334991
19965.0,-39.97278435510841,-73.95155997692932
19965.0,-39.97278435510841,-73.94706840050871
19965.0,-39.97278435510841,-73.94257682408812
19965.0,-39.97278435510841,-73.93808524766752
19965.0,-39.97278435510841,-73.93359367124692
19965.0,-39.97278435510841,-73.92910209482632
19965.0,-39.97278435510841,-73.92461051840573
19965.0,-39.97278435510841,-73.92011894198512
19561.0,-39.97278435510841,-73.91562736556453
19561.0,-39.97278435510841,-73.91113578914393
19561.0,-39.97278435510841,-73.90664421272334
19561.0,-39.97278435510841,-73.90215263630274
19561.0,-39.97278435510841,-73.89766105988214
19561.0,-39.97278435510841,-73.89316948346155
19561.0,-39.97278435510841,-73.88867790704094
19561.0,-39.97278435510841,-73.88418633062035
19561.0,-39.97278435510841,-73.87969475419975
19561.0,-39.97278435510841,-73.87520317777916
18957.0,-39.97278435510841,-73.87071160135855
18957.0,-39.97278435510841,-73.86622002493796
18957.0,-39.97278435510841,-73.86172844851735
18957.0,-39.97278435510841,-73.85723687209676
18957.0,-39.97278435510841,-73.85274529567616
18957.0,-39.97278435510841,-73.84825371925557
18957.0,-39.97278435510841,-73.84376214283498
18957.0,-39.97278435510841,-73.83927056641437
18957.0,-39.97278435510841,-73.83477898999378
18957.0,-39.97278435510841,-73.83028741357317
18957.0,-39.97278435510841,-73.82579583715258
18957.0,-39.97278435510841,-73.82130426073198
18957.0,-39.97278435510841,-73.81681268431139
18957.0,-39.97278435510841,-73.81232110789078
18957.0,-39.97278435510841,-73.80782953147019
18957.0,-39.97278435510841,-73.80333795504959
18957.0,-39.97278435510841,-73.798846378629
18957.0,-39.97278435510841,-73.79435480220839
18347.5,-39.97278435510841,-73.7898632257878
18347.5,-39.97278435510841,-73.7853716493672
18347.5,-39.97278435510841,-73.7808800729466
18347.5,-39.97278435510841,-73.77638849652601
18347.5,-39.97278435510841,-73.7718969201054
18347.5,-39.97278435510841,-73.76740534368481
18347.5,-39.97278435510841,-73.76291376726421
18347.5,-39.97278435510841,-73.75842219084362
18347.5,-39.97278435510841,-73.75393061442301
18668.5,-39.97278435510841,-73.74943903800242
18668.5,-39.97278435510841,-73.74494746158182
18668.5,-39.97278435510841,-73.74045588516123
18668.5,-39.97278435510841,-73.73596430874062
18668.5,-39.97278435510841,-73.73147273232003
18668.5,-39.97278435510841,-73.72698115589944
18668.5,-39.97278435510841,-73.72248957947883
18668.5,-39.97278435510841,-73.71799800305824
18668.5,-39.97278435510841,-73.71350642663764
18668.5,-39.97278435510841,-73.70901485021705
18388.5,-39.97278435510841,-73.70452327379644
18388.5,-39.97278435510841,-73.70003169737585
18388.5,-39.97278435510841,-73.69554012095524
18388.5,-39.97278435510841,-73.69104854453465
18388.5,-39.97278435510841,-73.68655696811405
18388.5,-39.97278435510841,-73.68206539169346
18388.5,-39.97278435510841,-73.67757381527285
18388.5,-39.97278435510841,-73.67308223885226
18388.5,-39.97278435510841,-73.66859066243167
20210.0,-39.96829277868781,-73.99647574113528
20210.0,-39.96829277868781,-73.9919841647147
20210.0,-39.96829277868781,-73.98749258829409
20210.0,-39.96829277868781,-73.9830010118735
20210.0,-39.96829277868781,-73.97850943545289
20210.0,-39.96829277868781,-73.9740178590323
20210.0,-39.96829277868781,-73.9695262826117
20210.0,-39.96829277868781,-73.9650347061911
20210.0,-39.96829277868781,-73.96054312977051
19965.0,-39.96829277868781,-73.95605155334991
19965.0,-39.96829277868781,-73.95155997692932
19965.0,-39.96829277868781,-73.94706840050871
19965.0,-39.96829277868781,-73.94257682408812
19965.0,-39.96829277868781,-73.93808524766752
19965.0,-39.96829277868781,-73.93359367124692
19965.0,-39.96829277868781,-73.92910209482632
19965.0,-39.96829277868781,-73.92461051840573
19965.0,-39.96829277868781,-73.92011894198512
19561.0,-39.96829277868781,-73.91562736556453
19561.0,-39.96829277868781,-73.91113578914393
19561.0,-39.96829277868781,-73.90664421272334
19561.0,-39.96829277868781,-73.90215263630274
19561.0,-39.96829277868781,-73.89766105988214
19561.0,-39.96829277868781,-73.89316948346155
19561.0,-39.96829277868781,-73.88867790704094
19561.0,-39.96829277868781,-73.88418633062035
19561.0,-39.96829277868781,-73.87969475419975
19561.0,-39.96829277868781,-73.87520317777916
18957.0,-39.96829277868781,-73.87071160135855
18957.0,-39.96829277868781,-73.86622002493796
18957.0,-39.96829277868781,-73.86172844851735
18957.0,-39.96829277868781,-73.85723687209676
18957.0,-39.96829277868781,-73.85274529567616
18957.0,-39.96829277868781,-73.84825371925557
18957.0,-39.96829277868781,-73.84376214283498
18957.0,-39.96829277868781,-73.83927056641437
18957.0,-39.96829277868781,-73.83477898999378
18957.0,-39.96829277868781,-73.83028741357317
18957.0,-39.96829277868781,-73.82579583715258
18957.0,-39.96829277868781,-73.82130426073198
18957.0,-39.96829277868781,-73.81681268431139
18957.0,-39.96829277868781,-73.81232110789078
18957.0,-39.96829277868781,-73.80782953147019
18957.0,-39.96829277868781,-73.80333795504959
18957.0,-39.96829277868781,-73.798846378629
18957.0,-39.96829277868781,-73.79435480220839
18347.5,-39.96829277868781,-73.7898632257878
18347.5,-39.96829277868781,-73.7853716493672
18347.5,-39.96829277868781,-73.7808800729466
18347.5,-39.96829277868781,-73.77638849652601
18347.5,-39.96829277868781,-73.7718969201054
18347.5,-39.96829277868781,-73.76740534368481
18347.5,-39.96829277868781,-73.76291376726421
18347.5,-39.96829277868781,-73.75842219084362
18347.5,-39.96829277868781,-73.75393061442301
18668.5,-39.96829277868781,-73.74943903800242
18668.5,-39.96829277868781,-73.74494746158182
18668.5,-39.96829277868781,-73.74045588516123
18668.5,-39.96829277868781,-73.73596430874062
18668.5,-39.96829277868781,-73.73147273232003
18668.5,-39.96829277868781,-73.72698115589944
18668.5,-39.96829277868781,-73.72248957947883
18668.5,-39.96829277868781,-73.71799800305824
18668.5,-39.96829277868781,-73.71350642663764
18668.5,-39.96829277868781,-73.70901485021705
18388.5,-39.96829277868781,-73.70452327379644
18388.5,-39.96829277868781,-73.70003169737585
18388.5,-39.96829277868781,-73.69554012095524
18388.5,-39.96829277868781,-73.69104854453465
18388.5,-39.96829277868781,-73.68655696811405
18388.5,-39.96829277868781,-73.68206539169346
18388.5,-39.96829277868781,-73.67757381527285
18388.5,-39.96829277868781,-73.67308223885226
18388.5,-39.96829277868781,-73.66859066243167
20210.0,-39.96380120226721,-73.99647574113528
20210.0,-39.96380120226721,-73.9919841647147
20210.0,-39.96380120226721,-73.98749258829409
20210.0,-39.96380120226721,-73.9830010118735
20210.0,-39.96380120226721,-73.97850943545289
20210.0,-39.96380120226721,-73.9740178590323
20210.0,-39.96380120226721,-73.9695262826117
20210.0,-39.96380120226721,-73.9650347061911
20210.0,-39.96380120226721,-73.96054312977051
19965.0,-39.96380120226721,-73.95605155334991
19965.0,-39.96380120226721,-73.95155997692932
19965.0,-39.96380120226721,-73.94706840050871
19965.0,-39.96380120226721,-73.94257682408812
19965.0,-39.96380120226721,-73.93808524766752
19965.0,-39.96380120226721,-73.93359367124692
19965.0,-39.96380120226721,-73.92910209482632
19965.0,-39.96380120226721,-73.92461051840573
19965.0,-39.96380120226721,-73.92011894198512
19561.0,-39.96380120226721,-73.91562736556453
19561.0,-39.96380120226721,-73.91113578914393
19561.0,-39.96380120226721,-73.90664421272334
19561.0,-39.96380120226721,-73.90215263630274
19561.0,-39.96380120226721,-73.89766105988214
19561.0,-39.96380120226721,-73.89316948346155
19561.0,-39.96380120226721,-73.88867790704094
19561.0,-39.96380120226721,-73.88418633062035
19561.0,-39.96380120226721,-73.87969475419975
19561.0,-39.96380120226721,-73.87520317777916
18957.0,-39.96380120226721,-73.87071160135855
18957.0,-39.96380120226721,-73.86622002493796
18957.0,-39.96380120226721,-73.86172844851735
18957.0,-39.96380120226721,-73.85723687209676
18957.0,-39.96380120226721,-73.85274529567616
18957.0,-39.96380120226721,-73.84825371925557
18957.0,-39.96380120226721,-73.84376214283498
18957.0,-39.96380120226721,-73.83927056641437
18957.0,-39.96380120226721,-73.83477898999378
18957.0,-39.96380120226721,-73.83028741357317
18957.0,-39.96380120226721,-73.82579583715258
18957.0,-39.96380120226721,-73.82130426073198
18957.0,-39.96380120226721,-73.81681268431139
18957.0,-39.96380120226721,-73.81232110789078
18957.0,-39.96380120226721,-73.80782953147019
18957.0,-39.96380120226721,-73.80333795504959
18957.0,-39.96380120226721,-73.798846378629
18957.0,-39.96380120226721,-73.79435480220839
18347.5,-39.96380120226721,-73.7898632257878
18347.5,-39.96380120226721,-73.7853716493672
18347.5,-39.96380120226721,-73.7808800729466
18347.5,-39.96380120226721,-73.77638849652601
18347.5,-39.96380120226721,-73.7718969201054
18347.5,-39.96380120226721,-73.76740534368481
18347.5,-39.96380120226721,-73.76291376726421
18347.5,-39.96380120226721,-73.75842219084362
18347.5,-39.96380120226721,-73.75393061442301
18668.5,-39.96380120226721,-73.74943903800242
18668.5,-39.96380120226721,-73.74494746158182
18668.5,-39.96380120226721,-73.74045588516123
18668.5,-39.96380120226721,-73.73596430874062
18668.5,-39.96380120226721,-73.73147273232003
18668.5,-39.96380120226721,-73.72698115589944
18668.5,-39.96380120226721,-73.72248957947883
18668.5,-39.96380120226721,-73.71799800305824
18668.5,-39.96380120226721,-73.71350642663764
18668.5,-39.96380120226721,-73.70901485021705
18388.5,-39.96380120226721,-73.70452327379644
18388.5,-39.96380120226721,-73.70003169737585
18388.5,-39.96380120226721,-73.69554012095524
18388.5,-39.96380120226721,-73.69104854453465
18388.5,-39.96380120226721,-73.68655696811405
18388.5,-39.96380120226721,-73.68206539169346
18388.5,-39.96380120226721,-73.67757381527285
18388.5,-39.96380120226721,-73.67308223885226
18388.5,-39.96380120226721,-73.66859066243167
20210.0,-39.959309625846615,-73.99647574113528
20210.0,-39.959309625846615,-73.9919841647147
20210.0,-39.959309625846615,-73.98749258829409
20210.0,-39.959309625846615,-73.9830010118735
20210.0,-39.959309625846615,-73.97850943545289
20210.0,-39.959309625846615,-73.9740178590323
20210.0,-39.959309625846615,-73.9695262826117
20210.0,-39.959309625846615,-73.9650347061911
20210.0,-39.959309625846615,-73.96054312977051
19965.0,-39.959309625846615,-73.95605155334991
19965.0,-39.959309625846615,-73.95155997692932
19965.0,-39.959309625846615,-73.94706840050871
19965.0,-39.959309625846615,-73.94257682408812
19965.0,-39.959309625846615,-73.93808524766752
19965.0,-39.959309625846615,-73.93359367124692
19965.0,-39.959309625846615,-73.92910209482632
19965.0,-39.959309625846615,-73.92461051840573
19965.0,-39.959309625846615,-73.92011894198512
19561.0,-39.959309625846615,-73.91562736556453
19561.0,-39.959309625846615,-73.91113578914393
19561.0,-39.959309625846615,-73.90664421272334
19561.0,-39.959309625846615,-73.90215263630274
19561.0,-39.959309625846615,-73.89766105988214
19561.0,-39.959309625846615,-73.89316948346155
19561.0,-39.959309625846615,-73.88867790704094
19561.0,-39.959309625846615,-73.88418633062035
19561.0,-39.959309625846615,-73.87969475419975
19561.0,-39.959309625846615,-73.87520317777916
18957.0,-39.959309625846615,-73.87071160135855
18957.0,-39.959309625846615,-73.86622002493796
18957.0,-39.959309625846615,-73.86172844851735
18957.0,-39.959309625846615,-73.85723687209676
18957.0,-39.959309625846615,-73.85274529567616
18957.0,-39.959309625846615,-73.84825371925557
18957.0,-39.959309625846615,-73.84376214283498
18957.0,-39.959309625846615,-73.83927056641437
18957.0,-39.959309625846615,-73.83477898999378
18957.0,-39.959309625846615,-73.83028741357317
18957.0,-39.959309625846615,-73.82579583715258
18957.0,-39.959309625846615,-73.82130426073198
18957.0,-39.959309625846615,-73.81681268431139
18957.0,-39.959309625846615,-73.81232110789078
18957.0,-39.959309625846615,-73.80782953147019
18957.0,-39.959309625846615,-73.80333795504959
18957.0,-39.959309625846615,-73.798846378629
18957.0,-39.959309625846615,-73.79435480220839
18347.5,-39.959309625846615,-73.7898632257878
18347.5,-39.959309625846615,-73.7853716493672
18347.5,-39.959309625846615,-73.7808800729466
18347.5,-39.959309625846615,-73.77638849652601
18347.5,-39.959309625846615,-73.7718969201054
18347.5,-39.959309625846615,-73.76740534368481
18347.5,-39.959309625846615,-73.76291376726421
18347.5,-39.959309625846615,-73.75842219084362
18347.5,-39.959309625846615,-73.75393061442301
18668.5,-39.959309625846615,-73.74943903800242
18668.5,-39.959309625846615,-73.74494746158182
18668.5,-39.959309625846615,-73.74045588516123
18668.5,-39.959309625846615,-73.73596430874062
18668.5,-39.959309625846615,-73.73147273232003
18668.5,-39.959309625846615,-73.72698115589944
18668.5,-39.959309625846615,-73.72248957947883
18668.5,-39.959309625846615,-73.71799800305824
18668.5,-39.959309625846615,-73.71350642663764
18668.5,-39.959309625846615,-73.70901485021705
18388.5,-39.959309625846615,-73.70452327379644
18388.5,-39.959309625846615,-73.70003169737585
18388.5,-39.959309625846615,-73.69554012095524
18388.5,-39.959309625846615,-73.69104854453465
18388.5,-39.959309625846615,-73.68655696811405
18388.5,-39.959309625846615,-73.68206539169346
18388.5,-39.959309625846615,-73.67757381527285
18388.5,-39.959309625846615,-73.67308223885226
18388.5,-39.959309625846615,-73.66859066243167
20053.0,-39.95481804942602,-73.99647574113528
20053.0,-39.95481804942602,-73.9919841647147
20053.0,-39.95481804942602,-73.98749258829409
20053.0,-39.95481804942602,-73.9830010118735
20053.0,-39.95481804942602,-73.97850943545289
20053.0,-39.95481804942602,-73.9740178590323
20053.0,-39.95481804942602,-73.9695262826117
20053.0,-39.95481804942602,-73.9650347061911
20053.0,-39.95481804942602,-73.96054312977051
20053.0,-39.95481804942602,-73.95605155334991
20053.0,-39.95481804942602,-73.95155997692932
20053.0,-39.95481804942602,-73.94706840050871
20053.0,-39.95481804942602,-73.94257682408812
20053.0,-39.95481804942602,-73.93808524766752
20053.0,-39.95481804942602,-73.93359367124692
20053.0,-39.95481804942602,-73.92910209482632
20053.0,-39.95481804942602,-73.92461051840573
20053.0,-39.95481804942602,-73.92011894198512
19180.5,-39.95481804942602,-73.91562736556453
19180.5,-39.95481804942602,-73.91113578914393
19180.5,-39.95481804942602,-73.90664421272334
19180.5,-39.95481804942602,-73.90215263630274
19180.5,-39.95481804942602,-73.89766105988214
19180.5,-39.95481804942602,-73.89316948346155
19180.5,-39.95481804942602,-73.88867790704094
19180.5,-39.95481804942602,-73.88418633062035
19180.5,-39.95481804942602,-73.87969475419975
19180.5,-39.95481804942602,-73.87520317777916
18986.5,-39.95481804942602,-73.87071160135855
18986.5,-39.95481804942602,-73.86622002493796
18986.5,-39.95481804942602,-73.86172844851735
18986.5,-39.95481804942602,-73.85723687209676
18986.5,-39.95481804942602,-73.85274529567616
18986.5,-39.95481804942602,-73.84825371925557
18986.5,-39.95481804942602,-73.84376214283498
18986.5,-39.95481804942602,-73.83927056641437
18986.5,-39.95481804942602,-73.83477898999378
18419.0,-39.95481804942602,-73.83028741357317
18419.0,-39.95481804942602,-73.82579583715258
18419.0,-39.95481804942602,-73.82130426073198
18419.0,-39.95481804942602,-73.81681268431139
18419.0,-39.95481804942602,-73.81232110789078
18419.0,-39.95481804942602,-73.80782953147019
18419.0,-39.95481804942602,-73.80333795504959
18419.0,-39.95481804942602,-73.798846378629
18419.0,-39.95481804942602,-73.79435480220839
18419.0,-39.95481804942602,-73.7898632257878
18419.0,-39.95481804942602,-73.7853716493672
18419.0,-39.95481804942602,-73.7808800729466
18419.0,-39.95481804942602,-73.77638849652601
18419.0,-39.95481804942602,-73.7718969201054
18419.0,-39.95481804942602,-73.76740534368481
18419.0,-39.95481804942602,-73.76291376726421
18419.0,-39.95481804942602,-73.75842219084362
18419.0,-39.95481804942602,-73.75393061442301
18377.0,-39.95481804942602,-73.74943903800242
18377.0,-39.95481804942602,-73.74494746158182
18377.0,-39.95481804942602,-73.74045588516123
18377.0,-39.95481804942602,-73.73596430874062
18377.0,-39.95481804942602,-73.73147273232003
18377.0,-39.95481804942602,-73.72698115589944
18377.0,-39.95481804942602,-73.72248957947883
18377.0,-39.95481804942602,-73.71799800305824
18377.0,-39.95481804942602,-73.71350642663764
18377.0,-39.95481804942602,-73.70901485021705
18143.0,-39.95481804942602,-73.70452327379644
18143.0,-39.95481804942602,-73.70003169737585
18143.0,-39.95481804942602,-73.69554012095524
18143.0,-39.95481804942602,-73.69104854453465
18143.0,-39.95481804942602,-73.68655696811405
18143.0,-39.95481804942602,-73.68206539169346
18143.0,-39.95481804942602,-73.67757381527285
18143.0,-39.95481804942602,-73.67308223885226
18143.0,-39.95481804942602,-73.66859066243167
18153.0,-39.95481804942602,-73.66409908601106
18153.0,-39.95481804942602,-73.65960750959047
18153.0,-39.95481804942602,-73.65511593316987
18153.0,-39.95481804942602,-73.65062435674928
18153.0,-39.95481804942602,-73.64613278032867
18153.0,-39.95481804942602,-73.64164120390808
18153.0,-39.95481804942602,-73.63714962748747
18153.0,-39.95481804942602,-73.63265805106688
18153.0,-39.95481804942602,-73.62816647464628
18153.0,-39.95481804942602,-73.62367489822569
18153.0,-39.95481804942602,-73.61918332180508
18153.0,-39.95481804942602,-73.61469174538449
18153.0,-39.95481804942602,-73.6102001689639
18153.0,-39.95481804942602,-73.6057085925433
18153.0,-39.95481804942602,-73.6012170161227
18153.0,-39.95481804942602,-73.5967254397021
18153.0,-39.95481804942602,-73.5922338632815
18153.0,-39.95481804942602,-73.5877422868609
19606.0,-39.95481804942602,-73.58325071044031
19606.0,-39.95481804942602,-73.5787591340197
19606.0,-39.95481804942602,-73.57426755759911
19606.0,-39.95481804942602,-73.56977598117851
19606.0,-39.95481804942602,-73.56528440475792
19606.0,-39.95481804942602,-73.56079282833733
19606.0,-39.95481804942602,-73.55630125191672
19606.0,-39.95481804942602,-73.55180967549613
19606.0,-39.95481804942602,-73.54731809907553
19606.0,-39.95481804942602,-73.54282652265493
20053.0,-39.95032647300542,-73.99647574113528
20053.0,-39.95032647300542,-73.9919841647147
20053.0,-39.95032647300542,-73.98749258829409
20053.0,-39.95032647300542,-73.9830010118735
20053.0,-39.95032647300542,-73.97850943545289
20053.0,-39.95032647300542,-73.9740178590323
20053.0,-39.95032647300542,-73.9695262826117
20053.0,-39.95032647300542,-73.9650347061911
20053.0,-39.95032647300542,-73.96054312977051
20053.0,-39.95032647300542,-73.95605155334991
20053.0,-39.95032647300542,-73.95155997692932
20053.0,-39.95032647300542,-73.94706840050871
20053.0,-39.95032647300542,-73.94257682408812
20053.0,-39.95032647300542,-73.93808524766752
20053.0,-39.95032647300542,-73.93359367124692
20053.0,-39.95032647300542,-73.92910209482632
20053.0,-39.95032647300542,-73.92461051840573
20053.0,-39.95032647300542,-73.92011894198512
19180.5,-39.95032647300542,-73.91562736556453
19180.5,-39.95032647300542,-73.91113578914393
19180.5,-39.95032647300542,-73.90664421272334
19180.5,-39.95032647300542,-73.90215263630274
19180.5,-39.95032647300542,-73.89766105988214
19180.5,-39.95032647300542,-73.89316948346155
19180.5,-39.95032647300542,-73.88867790704094
19180.5,-39.95032647300542,-73.88418633062035
19180.5,-39.95032647300542,-73.87969475419975
19180.5,-39.95032647300542,-73.87520317777916
18986.5,-39.95032647300542,-73.87071160135855
18986.5,-39.95032647300542,-73.86622002493796
18986.5,-39.95032647300542,-73.86172844851735
18986.5,-39.95032647300542,-73.85723687209676
18986.5,-39.95032647300542,-73.85274529567616
18986.5,-39.95032647300542,-73.84825371925557
18986.5,-39.95032647300542,-73.84376214283498
18986.5,-39.95032647300542,-73.83927056641437
18986.5,-39.95032647300542,-73.83477898999378
18419.0,-39.95032647300542,-73.83028741357317
18419.0,-39.95032647300542,-73.82579583715258
18419.0,-39.95032647300542,-73.82130426073198
18419.0,-39.95032647300542,-73.81681268431139
18419.0,-39.95032647300542,-73.81232110789078
18419.0,-39.95032647300542,-73.80782953147019
18419.0,-39.95032647300542,-73.80333795504959
18419.0,-39.95032647300542,-73.798846378629
18419.0,-39.95032647300542,-73.79435480220839
18419.0,-39.95032647300542,-73.7898632257878
18419.0,-39.95032647300542,-73.7853716493672
18419.0,-39.95032647300542,-73.7808800729466
18419.0,-39.95032647300542,-73.77638849652601
18419.0,-39.95032647300542,-73.7718969201054
18419.0,-39.95032647300542,-73.76740534368481
18419.0,-39.95032647300542,-73.76291376726421
18419.0,-39.95032647300542,-73.75842219084362
18419.0,-39.95032647300542,-73.75393061442301
18377.0,-39.95032647300542,-73.74943903800242
18377.0,-39.95032647300542,-73.74494746158182
18377.0,-39.95032647300542,-73.74045588516123
18377.0,-39.95032647300542,-73.73596430874062
18377.0,-39.95032647300542,-73.73147273232003
18377.0,-39.95032647300542,-73.72698115589944
18377.0,-39.95032647300542,-73.72248957947883
18377.0,-39.95032647300542,-73.71799800305824
18377.0,-39.95032647300542,-73.71350642663764
18377.0,-39.95032647300542,-73.70901485021705
18143.0,-39.95032647300542,-73.70452327379644
18143.0,-39.95032647300542,-73.70003169737585
18143.0,-39.95032647300542,-73.69554012095524
18143.0,-39.95032647300542,-73.69104854453465
18143.0,-39.95032647300542,-73.68655696811405
18143.0,-39.95032647300542,-73.68206539169346
18143.0,-39.95032647300542,-73.67757381527285
18143.0,-39.95032647300542,-73.67308223885226
18143.0,-39.95032647300542,-73.66859066243167
18153.0,-39.95032647300542,-73.66409908601106
18153.0,-39.95032647300542,-73.65960750959047
18153.0,-39.95032647300542,-73.65511593316987
18153.0,-39.95032647300542,-73.65062435674928
18153.0,-39.95032647300542,-73.64613278032867
18153.0,-39.95032647300542,-73.64164120390808
18153.0,-39.95032647300542,-73.63714962748747
18153.0,-39.95032647300542,-73.63265805106688
18153.0,-39.95032647300542,-73.62816647464628
18153.0,-39.95032647300542,-73.62367489822569
18153.0,-39.95032647300542,-73.61918332180508
18153.0,-39.95032647300542,-73.61469174538449
18153.0,-39.95032647300542,-73.6102001689639
18153.0,-39.95032647300542,-73.6057085925433
18153.0,-39.95032647300542,-73.6012170161227
18153.0,-39.95032647300542,-73.5967254397021
18153.0,-39.95032647300542,-73.5922338632815
18153.0,-39.95032647300542,-73.5877422868609
19606.0,-39.95032647300542,-73.58325071044031
19606.0,-39.95032647300542,-73.5787591340197
19606.0,-39.95032647300542,-73.57426755759911
19606.0,-39.95032647300542,-73.56977598117851
19606.0,-39.95032647300542,-73.56528440475792
19606.0,-39.95032647300542,-73.56079282833733
19606.0,-39.95032647300542,-73.55630125191672
19606.0,-39.95032647300542,-73.55180967549613
19606.0,-39.95032647300542,-73.54731809907553
19606.0,-39.95032647300542,-73.54282652265493
20053.0,-39.94583489658483,-73.99647574113528
20053.0,-39.94583489658483,-73.9919841647147
20053.0,-39.94583489658483,-73.98749258829409
20053.0,-39.94583489658483,-73.9830010118735
20053.0,-39.94583489658483,-73.97850943545289
20053.0,-39.94583489658483,-73.9740178590323
20053.0,-39.94583489658483,-73.9695262826117
20053.0,-39.94583489658483,-73.9650347061911
20053.0,-39.94583489658483,-73.96054312977051
20053.0,-39.94583489658483,-73.95605155334991
20053.0,-39.94583489658483,-73.95155997692932
20053.0,-39.94583489658483,-73.94706840050871
20053.0,-39.94583489658483,-73.94257682408812
20053.0,-39.94583489658483,-73.93808524766752
20053.0,-39.94583489658483,-73.93359367124692
20053.0,-39.94583489658483,-73.92910209482632
20053.0,-39.94583489658483,-73.92461051840573
20053.0,-39.94583489658483,-73.92011894198512
19180.5,-39.94583489658483,-73.91562736556453
19180.5,-39.94583489658483,-73.91113578914393
19180.5,-39.94583489658483,-73.90664421272334
19180.5,-39.94583489658483,-73.90215263630274
19180.5,-39.94583489658483,-73.89766105988214
19180.5,-39.94583489658483,-73.89316948346155
19180.5,-39.94583489658483,-73.88867790704094
19180.5,-39.94583489658483,-73.88418633062035
19180.5,-39.94583489658483,-73.87969475419975
19180.5,-39.94583489658483,-73.87520317777916
18986.5,-39.94583489658483,-73.87071160135855
18986.5,-39.94583489658483,-73.86622002493796
18986.5,-39.94583489658483,-73.86172844851735
18986.5,-39.94583489658483,-73.85723687209676
18986.5,-39.94583489658483,-73.85274529567616
18986.5,-39.94583489658483,-73.84825371925557
18986.5,-39.94583489658483,-73.84376214283498
18986.5,-39.94583489658483,-73.83927056641437
18986.5,-39.94583489658483,-73.83477898999378
18419.0,-39.94583489658483,-73.83028741357317
18419.0,-39.94583489658483,-73.82579583715258
18419.0,-39.94583489658483,-73.82130426073198
18419.0,-39.94583489658483,-73.81681268431139
18419.0,-39.94583489658483,-73.81232110789078
18419.0,-39.94583489658483,-73.80782953147019
18419.0,-39.94583489658483,-73.80333795504959
18419.0,-39.94583489658483,-73.798846378629
18419.0,-39.94583489658483,-73.79435480220839
18419.0,-39.94583489658483,-73.7898632257878
18419.0,-39.94583489658483,-73.7853716493672
18419.0,-39.94583489658483,-73.7808800729466
18419.0,-39.94583489658483,-73.77638849652601
18419.0,-39.94583489658483,-73.7718969201054
18419.0,-39.94583489658483,-73.76740534368481
18419.0,-39.94583489658483,-73.76291376726421
18419.0,-39.94583489658483,-73.75842219084362
18419.0,-39.94583489658483,-73.75393061442301
18377.0,-39.94583489658483,-73.74943903800242
18377.0,-39.94583489658483,-73.74494746158182
18377.0,-39.94583489658483,-73.74045588516123
18377.0,-39.94583489658483,-73.73596430874062
18377.0,-39.94583489658483,-73.73147273232003
18377.0,-39.94583489658483,-73.72698115589944
18377.0,-39.94583489658483,-73.72248957947883
18377.0,-39.94583489658483,-73.71799800305824
18377.0,-39.94583489658483,-73.71350642663764
18377.0,-39.94583489658483,-73.70901485021705
18143.0,-39.94583489658483,-73.70452327379644
18143.0,-39.94583489658483,-73.70003169737585
18143.0,-39.94583489658483,-73.69554012095524
18143.0,-39.94583489658483,-73.69104854453465
18143.0,-39.94583489658483,-73.68655696811405
18143.0,-39.94583489658483,-73.68206539169346
18143.0,-39.94583489658483,-73.67757381527285
18143.0,-39.94583489658483,-73.67308223885226
18143.0,-39.94583489658483,-73.66859066243167
18153.0,-39.94583489658483,-73.66409908601106
18153.0,-39.94583489658483,-73.65960750959047
18153.0,-39.94583489658483,-73.65511593316987
18153.0,-39.94583489658483,-73.65062435674928
18153.0,-39.94583489658483,-73.64613278032867
18153.0,-39.94583489658483,-73.64164120390808
18153.0,-39.94583489658483,-73.63714962748747
18153.0,-39.94583489658483,-73.63265805106688
18153.0,-39.94583489658483,-73.62816647464628
18153.0,-39.94583489658483,-73.62367489822569
18153.0,-39.94583489658483,-73.61918332180508
18153.0,-39.94583489658483,-73.61469174538449
18153.0,-39.94583489658483,-73.6102001689639
18153.0,-39.94583489658483,-73.6057085925433
18153.0,-39.94583489658483,-73.6012170161227
18153.0,-39.94583489658483,-73.5967254397021
18153.0,-39.94583489658483,-73.5922338632815
18153.0,-39.94583489658483,-73.5877422868609
19606.0,-39.94583489658483,-73.58325071044031
19606.0,-39.94583489658483,-73.5787591340197
19606.0,-39.94583489658483,-73.57426755759911
19606.0,-39.94583489658483,-73.56977598117851
19606.0,-39.94583489658483,-73.56528440475792
19606.0,-39.94583489658483,-73.56079282833733
19606.0,-39.94583489658483,-73.55630125191672
19606.0,-39.94583489658483,-73.55180967549613
19606.0,-39.94583489658483,-73.54731809907553
19606.0,-39.94583489658483,-73.54282652265493
20053.0,-39.94134332016423,-73.99647574113528
20053.0,-39.94134332016423,-73.9919841647147
20053.0,-39.94134332016423,-73.98749258829409
20053.0,-39.94134332016423,-73.9830010118735
20053.0,-39.94134332016423,-73.97850943545289
20053.0,-39.94134332016423,-73.9740178590323
20053.0,-39.94134332016423,-73.9695262826117
20053.0,-39.94134332016423,-73.9650347061911
20053.0,-39.94134332016423,-73.96054312977051
20053.0,-39.94134332016423,-73.95605155334991
20053.0,-39.94134332016423,-73.95155997692932
20053.0,-39.94134332016423,-73.94706840050871
20053.0,-39.94134332016423,-73.94257682408812
20053.0,-39.94134332016423,-73.93808524766752
20053.0,-39.94134332016423,-73.93359367124692
20053.0,-39.94134332016423,-73.92910209482632
20053.0,-39.94134332016423,-73.92461051840573
20053.0,-39.94134332016423,-73.92011894198512
19180.5,-39.94134332016423,-73.91562736556453
19180.5,-39.94134332016423,-73.91113578914393
19180.5,-39.94134332016423,-73.90664421272334
19180.5,-39.94134332016423,-73.90215263630274
19180.5,-39.94134332016423,-73.89766105988214
19180.5,-39.94134332016423,-73.89316948346155
19180.5,-39.94134332016423,-73.88867790704094
19180.5,-39.94134332016423,-73.88418633062035
19180.5,-39.94134332016423,-73.87969475419975
19180.5,-39.94134332016423,-73.87520317777916
18986.5,-39.94134332016423,-73.87071160135855
18986.5,-39.94134332016423,-73.86622002493796
18986.5,-39.94134332016423,-73.86172844851735
18986.5,-39.94134332016423,-73.85723687209676
18986.5,-39.94134332016423,-73.85274529567616
18986.5,-39.94134332016423,-73.84825371925557
18986.5,-39.94134332016423,-73.84376214283498
18986.5,-39.94134332016423,-73.83927056641437
18986.5,-39.94134332016423,-73.83477898999378
18419.0,-39.94134332016423,-73.83028741357317
18419.0,-39.94134332016423,-73.82579583715258
18419.0,-39.94134332016423,-73.82130426073198
18419.0,-39.94134332016423,-73.81681268431139
18419.0,-39.94134332016423,-73.81232110789078
18419.0,-39.94134332016423,-73.80782953147019
18419.0,-39.94134332016423,-73.80333795504959
18419.0,-39.94134332016423,-73.798846378629
18419.0,-39.94134332016423,-73.79435480220839
18419.0,-39.94134332016423,-73.7898632257878
18419.0,-39.94134332016423,-73.7853716493672
18419.0,-39.94134332016423,-73.7808800729466
18419.0,-39.94134332016423,-73.77638849652601
18419.0,-39.94134332016423,-73.7718969201054
18419.0,-39.94134332016423,-73.76740534368481
18419.0,-39.94134332016423,-73.76291376726421
18419.0,-39.94134332016423,-73.75842219084362
18419.0,-39.94134332016423,-73.75393061442301
18377.0,-39.94134332016423,-73.74943903800242
18377.0,-39.94134332016423,-73.74494746158182
18377.0,-39.94134332016423,-73.74045588516123
18377.0,-39.94134332016423,-73.73596430874062
18377.0,-39.94134332016423,-73.73147273232003
18377.0,-39.94134332016423,-73.72698115589944
18377.0,-39.94134332016423,-73.72248957947883
18377.0,-39.94134332016423,-73.71799800305824
18377.0,-39.94134332016423,-73.71350642663764
18377.0,-39.94134332016423,-73.70901485021705
18143.0,-39.94134332016423,-73.70452327379644
18143.0,-39.94134332016423,-73.70003169737585
18143.0,-39.94134332016423,-73.69554012095524
18143.0,-39.94134332016423,-73.69104854453465
18143.0,-39.94134332016423,-73.68655696811405
18143.0,-39.94134332016423,-73.68206539169346
18143.0,-39.94134332016423,-73.67757381527285
18143.0,-39.94134332016423,-73.67308223885226
18143.0,-39.94134332016423,-73.66859066243167
18153.0,-39.94134332016423,-73.66409908601106
18153.0,-39.94134332016423,-73.65960750959047
18153.0,-39.94134332016423,-73.65511593316987
18153.0,-39.94134332016423,-73.65062435674928
18153.0,-39.94134332016423,-73.64613278032867
18153.0,-39.94134332016423,-73.64164120390808
18153.0,-39.94134332016423,-73.63714962748747
18153.0,-39.94134332016423,-73.63265805106688
18153.0,-39.94134332016423,-73.62816647464628
18153.0,-39.94134332016423,-73.62367489822569
18153.0,-39.94134332016423,-73.61918332180508
18153.0,-39.94134332016423,-73.61469174538449
18153.0,-39.94134332016423,-73.6102001689639
18153.0,-39.94134332016423,-73.6057085925433
18153.0,-39.94134332016423,-73.6012170161227
18153.0,-39.94134332016423,-73.5967254397021
18153.0,-39.94134332016423,-73.5922338632815
18153.0,-39.94134332016423,-73.5877422868609
19606.0,-39.94134332016423,-73.58325071044031
19606.0,-39.94134332016423,-73.5787591340197
19606.0,-39.94134332016423,-73.57426755759911
19606.0,-39.94134332016423,-73.56977598117851
19606.0,-39.94134332016423,-73.56528440475792
19606.0,-39.94134332016423,-73.56079282833733
19606.0,-39.94134332016423,-73.55630125191672
19606.0,-39.94134332016423,-73.55180967549613
19606.0,-39.94134332016423,-73.54731809907553
19606.0,-39.94134332016423,-73.54282652265493
20053.0,-39.93685174374363,-73.99647574113528
20053.0,-39.93685174374363,-73.9919841647147
20053.0,-39.93685174374363,-73.98749258829409
20053.0,-39.93685174374363,-73.9830010118735
20053.0,-39.93685174374363,-73.97850943545289
20053.0,-39.93685174374363,-73.9740178590323
20053.0,-39.93685174374363,-73.9695262826117
20053.0,-39.93685174374363,-73.9650347061911
20053.0,-39.93685174374363,-73.96054312977051
20053.0,-39.93685174374363,-73.95605155334991
20053.0,-39.93685174374363,-73.95155997692932
20053.0,-39.93685174374363,-73.94706840050871
20053.0,-39.93685174374363,-73.94257682408812
20053.0,-39.93685174374363,-73.93808524766752
20053.0,-39.93685174374363,-73.93359367124692
20053.0,-39.93685174374363,-73.92910209482632
20053.0,-39.93685174374363,-73.92461051840573
20053.0,-39.93685174374363,-73.92011894198512
19180.5,-39.93685174374363,-73.91562736556453
19180.5,-39.93685174374363,-73.91113578914393
19180.5,-39.93685174374363,-73.90664421272334
19180.5,-39.93685174374363,-73.90215263630274
19180.5,-39.93685174374363,-73.89766105988214
19180.5,-39.93685174374363,-73.89316948346155
19180.5,-39.93685174374363,-73.88867790704094
19180.5,-39.93685174374363,-73.88418633062035
19180.5,-39.93685174374363,-73.87969475419975
19180.5,-39.93685174374363,-73.87520317777916
18986.5,-39.93685174374363,-73.87071160135855
18986.5,-39.93685174374363,-73.86622002493796
18986.5,-39.93685174374363,-73.86172844851735
18986.5,-39.93685174374363,-73.85723687209676
18986.5,-39.93685174374363,-73.85274529567616
18986.5,-39.93685174374363,-73.84825371925557
18986.5,-39.93685174374363,-73.84376214283498
18986.5,-39.93685174374363,-73.83927056641437
18986.5,-39.93685174374363,-73.83477898999378
18419.0,-39.93685174374363,-73.83028741357317
18419.0,-39.93685174374363,-73.82579583715258
18419.0,-39.93685174374363,-73.82130426073198
18419.0,-39.93685174374363,-73.81681268431139
18419.0,-39.93685174374363,-73.81232110789078
18419.0,-39.93685174374363,-73.80782953147019
18419.0,-39.93685174374363,-73.80333795504959
18419.0,-39.93685174374363,-73.798846378629
18419.0,-39.93685174374363,-73.79435480220839
18419.0,-39.93685174374363,-73.7898632257878
18419.0,-39.93685174374363,-73.7853716493672
18419.0,-39.93685174374363,-73.7808800729466
18419.0,-39.93685174374363,-73.77638849652601
18419.0,-39.93685174374363,-73.7718969201054
18419.0,-39.93685174374363,-73.76740534368481
18419.0,-39.93685174374363,-73.76291376726421
18419.0,-39.93685174374363,-73.75842219084362
18419.0,-39.93685174374363,-73.75393061442301
18377.0,-39.93685174374363,-73.74943903800242
18377.0,-39.93685174374363,-73.74494746158182
18377.0,-39.93685174374363,-73.74045588516123
18377.0,-39.93685174374363,-73.73596430874062
18377.0,-39.93685174374363,-73.73147273232003
18377.0,-39.93685174374363,-73.72698115589944
18377.0,-39.93685174374363,-73.72248957947883
18377.0,-39.93685174374363,-73.71799800305824
18377.0,-39.93685174374363,-73.71350642663764
18377.0,-39.93685174374363,-73.70901485021705
18143.0,-39.93685174374363,-73.70452327379644
18143.0,-39.93685174374363,-73.70003169737585
18143.0,-39.93685174374363,-73.69554012095524
18143.0,-39.93685174374363,-73.69104854453465
18143.0,-39.93685174374363,-73.68655696811405
18143.0,-39.93685174374363,-73.68206539169346
18143.0,-39.93685174374363,-73.67757381527285
18143.0,-39.93685174374363,-73.67308223885226
18143.0,-39.93685174374363,-73.66859066243167
18153.0,-39.93685174374363,-73.66409908601106
18153.0,-39.93685174374363,-73.65960750959047
18153.0,-39.93685174374363,-73.65511593316987
18153.0,-39.93685174374363,-73.65062435674928
18153.0,-39.93685174374363,-73.64613278032867
18153.0,-39.93685174374363,-73.64164120390808
18153.0,-39.93685174374363,-73.63714962748747
18153.0,-39.93685174374363,-73.63265805106688
18153.0,-39.93685174374363,-73.62816647464628
18153.0,-39.93685174374363,-73.62367489822569
18153.0,-39.93685174374363,-73.61918332180508
18153.0,-39.93685174374363,-73.61469174538449
18153.0,-39.93685174374363,-73.6102001689639
18153.0,-39.93685174374363,-73.6057085925433
18153.0,-39.93685174374363,-73.6012170161227
18153.0,-39.93685174374363,-73.5967254397021
18153.0,-39.93685174374363,-73.5922338632815
18153.0,-39.93685174374363,-73.5877422868609
19606.0,-39.93685174374363,-73.58325071044031
19606.0,-39.93685174374363,-73.5787591340197
19606.0,-39.93685174374363,-73.57426755759911
19606.0,-39.93685174374363,-73.56977598117851
19606.0,-39.93685174374363,-73.56528440475792
19606.0,-39.93685174374363,-73.56079282833733
19606.0,-39.93685174374363,-73.55630125191672
19606.0,-39.93685174374363,-73.55180967549613
19606.0,-39.93685174374363,-73.54731809907553
19606.0,-39.93685174374363,-73.54282652265493
20053.0,-39.93236016732303,-73.99647574113528
20053.0,-39.93236016732303,-73.9919841647147
20053.0,-39.93236016732303,-73.98749258829409
20053.0,-39.93236016732303,-73.9830010118735
20053.0,-39.93236016732303,-73.97850943545289
20053.0,-39.93236016732303,-73.9740178590323
20053.0,-39.93236016732303,-73.9695262826117
20053.0,-39.93236016732303,-73.9650347061911
20053.0,-39.93236016732303,-73.96054312977051
20053.0,-39.93236016732303,-73.95605155334991
20053.0,-39.93236016732303,-73.95155997692932
20053.0,-39.93236016732303,-73.94706840050871
20053.0,-39.93236016732303,-73.94257682408812
20053.0,-39.93236016732303,-73.93808524766752
20053.0,-39.93236016732303,-73.93359367124692
20053.0,-39.93236016732303,-73.92910209482632
20053.0,-39.93236016732303,-73.92461051840573
20053.0,-39.93236016732303,-73.92011894198512
19180.5,-39.93236016732303,-73.91562736556453
19180.5,-39.93236016732303,-73.91113578914393
19180.5,-39.93236016732303,-73.90664421272334
19180.5,-39.93236016732303,-73.90215263630274
19180.5,-39.93236016732303,-73.89766105988214
19180.5,-39.93236016732303,-73.89316948346155
19180.5,-39.93236016732303,-73.88867790704094
19180.5,-39.93236016732303,-73.88418633062035
19180.5,-39.93236016732303,-73.87969475419975
19180.5,-39.93236016732303,-73.87520317777916
18986.5,-39.93236016732303,-73.87071160135855
18986.5,-39.93236016732303,-73.86622002493796
18986.5,-39.93236016732303,-73.86172844851735
18986.5,-39.93236016732303,-73.85723687209676
18986.5,-39.93236016732303,-73.85274529567616
18986.5,-39.93236016732303,-73.84825371925557
18986.5,-39.93236016732303,-73.84376214283498
18986.5,-39.93236016732303,-73.83927056641437
18986.5,-39.93236016732303,-73.83477898999378
18419.0,-39.93236016732303,-73.83028741357317
18419.0,-39.93236016732303,-73.82579583715258
18419.0,-39.93236016732303,-73.82130426073198
18419.0,-39.93236016732303,-73.81681268431139
18419.0,-39.93236016732303,-73.81232110789078
18419.0,-39.93236016732303,-73.80782953147019
18419.0,-39.93236016732303,-73.80333795504959
18419.0,-39.93236016732303,-73.798846378629
18419.0,-39.93236016732303,-73.79435480220839
18419.0,-39.93236016732303,-73.7898632257878
18419.0,-39.93236016732303,-73.7853716493672
18419.0,-39.93236016732303,-73.7808800729466
18419.0,-39.93236016732303,-73.77638849652601
18419.0,-39.93236016732303,-73.7718969201054
18419.0,-39.93236016732303,-73.76740534368481
18419.0,-39.93236016732303,-73.76291376726421
18419.0,-39.93236016732303,-73.75842219084362
18419.0,-39.93236016732303,-73.75393061442301
18377.0,-39.93236016732303,-73.74943903800242
18377.0,-39.93236016732303,-73.74494746158182
18377.0,-39.93236016732303,-73.74045588516123
18377.0,-39.93236016732303,-73.73596430874062
18377.0,-39.93236016732303,-73.73147273232003
18377.0,-39.93236016732303,-73.72698115589944
18377.0,-39.93236016732303,-73.72248957947883
18377.0,-39.93236016732303,-73.71799800305824
18377.0,-39.93236016732303,-73.71350642663764
18377.0,-39.93236016732303,-73.70901485021705
18143.0,-39.93236016732303,-73.70452327379644
18143.0,-39.93236016732303,-73.70003169737585
18143.0,-39.93236016732303,-73.69554012095524
18143.0,-39.93236016732303,-73.69104854453465
18143.0,-39.93236016732303,-73.68655696811405
18143.0,-39.93236016732303,-73.68206539169346
18143.0,-39.93236016732303,-73.67757381527285
18143.0,-39.93236016732303,-73.67308223885226
18143.0,-39.93236016732303,-73.66859066243167
18153.0,-39.93236016732303,-73.66409908601106
18153.0,-39.93236016732303,-73.65960750959047
18153.0,-39.93236016732303,-73.65511593316987
18153.0,-39.93236016732303,-73.65062435674928
18153.0,-39.93236016732303,-73.64613278032867
18153.0,-39.93236016732303,-73.64164120390808
18153.0,-39.93236016732303,-73.63714962748747
18153.0,-39.93236016732303,-73.63265805106688
18153.0,-39.93236016732303,-73.62816647464628
18153.0,-39.93236016732303,-73.62367489822569
18153.0,-39.93236016732303,-73.61918332180508
18153.0,-39.93236016732303,-73.61469174538449
18153.0,-39.93236016732303,-73.6102001689639
18153.0,-39.93236016732303,-73.6057085925433
18153.0,-39.93236016732303,-73.6012170161227
18153.0,-39.93236016732303,-73.5967254397021
18153.0,-39.93236016732303,-73.5922338632815
18153.0,-39.93236016732303,-73.5877422868609
19606.0,-39.93236016732303,-73.58325071044031
19606.0,-39.93236016732303,-73.5787591340197
19606.0,-39.93236016732303,-73.57426755759911
19606.0,-39.93236016732303,-73.56977598117851
19606.0,-39.93236016732303,-73.56528440475792
19606.0,-39.93236016732303,-73.56079282833733
19606.0,-39.93236016732303,-73.55630125191672
19606.0,-39.93236016732303,-73.55180967549613
19606.0,-39.93236016732303,-73.54731809907553
19606.0,-39.93236016732303,-73.54282652265493
20053.0,-39.927868590902435,-73.99647574113528
20053.0,-39.927868590902435,-73.9919841647147
20053.0,-39.927868590902435,-73.98749258829409
20053.0,-39.927868590902435,-73.9830010118735
20053.0,-39.927868590902435,-73.97850943545289
20053.0,-39.927868590902435,-73.9740178590323
20053.0,-39.927868590902435,-73.9695262826117
20053.0,-39.927868590902435,-73.9650347061911
20053.0,-39.927868590902435,-73.96054312977051
20053.0,-39.927868590902435,-73.95605155334991
20053.0,-39.927868590902435,-73.95155997692932
20053.0,-39.927868590902435,-73.94706840050871
20053.0,-39.927868590902435,-73.94257682408812
20053.0,-39.927868590902435,-73.93808524766752
20053.0,-39.927868590902435,-73.93359367124692
20053.0,-39.927868590902435,-73.92910209482632
20053.0,-39.927868590902435,-73.92461051840573
20053.0,-39.927868590902435,-73.92011894198512
19180.5,-39.927868590902435,-73.91562736556453
19180.5,-39.927868590902435,-73.91113578914393
19180.5,-39.927868590902435,-73.90664421272334
19180.5,-39.927868590902435,-73.90215263630274
19180.5,-39.927868590902435,-73.89766105988214
19180.5,-39.927868590902435,-73.89316948346155
19180.5,-39.927868590902435,-73.88867790704094
19180.5,-39.927868590902435,-73.88418633062035
19180.5,-39.927868590902435,-73.87969475419975
19180.5,-39.927868590902435,-73.87520317777916
18986.5,-39.927868590902435,-73.87071160135855
18986.5,-39.927868590902435,-73.86622002493796
18986.5,-39.927868590902435,-73.86172844851735
18986.5,-39.927868590902435,-73.85723687209676
18986.5,-39.927868590902435,-73.85274529567616
18986.5,-39.927868590902435,-73.84825371925557
18986.5,-39.927868590902435,-73.84376214283498
18986.5,-39.927868590902435,-73.83927056641437
18986.5,-39.927868590902435,-73.83477898999378
18419.0,-39.927868590902435,-73.83028741357317
18419.0,-39.927868590902435,-73.82579583715258
18419.0,-39.927868590902435,-73.82130426073198
18419.0,-39.927868590902435,-73.81681268431139
18419.0,-39.927868590902435,-73.81232110789078
18419.0,-39.927868590902435,-73.80782953147019
18419.0,-39.927868590902435,-73.80333795504959
18419.0,-39.927868590902435,-73.798846378629
18419.0,-39.927868590902435,-73.79435480220839
18419.0,-39.927868590902435,-73.7898632257878
18419.0,-39.927868590902435,-73.7853716493672
18419.0,-39.927868590902435,-73.7808800729466
18419.0,-39.927868590902435,-73.77638849652601
18419.0,-39.927868590902435,-73.7718969201054
18419.0,-39.927868590902435,-73.76740534368481
18419.0,-39.927868590902435,-73.76291376726421
18419.0,-39.927868590902435,-73.75842219084362
18419.0,-39.927868590902435,-73.75393061442301
18377.0,-39.927868590902435,-73.74943903800242
18377.0,-39.927868590902435,-73.74494746158182
18377.0,-39.927868590902435,-73.74045588516123
18377.0,-39.927868590902435,-73.73596430874062
18377.0,-39.927868590902435,-73.73147273232003
18377.0,-39.927868590902435,-73.72698115589944
18377.0,-39.927868590902435,-73.72248957947883
18377.0,-39.927868590902435,-73.71799800305824
18377.0,-39.927868590902435,-73.71350642663764
18377.0,-39.927868590902435,-73.70901485021705
18143.0,-39.927868590902435,-73.70452327379644
18143.0,-39.927868590902435,-73.70003169737585
18143.0,-39.927868590902435,-73.69554012095524
18143.0,-39.927868590902435,-73.69104854453465
18143.0,-39.927868590902435,-73.68655696811405
18143.0,-39.927868590902435,-73.68206539169346
18143.0,-39.927868590902435,-73.67757381527285
18143.0,-39.927868590902435,-73.67308223885226
18143.0,-39.927868590902435,-73.66859066243167
18153.0,-39.927868590902435,-73.66409908601106
18153.0,-39.927868590902435,-73.65960750959047
18153.0,-39.927868590902435,-73.65511593316987
18153.0,-39.927868590902435,-73.65062435674928
18153.0,-39.927868590902435,-73.64613278032867
18153.0,-39.927868590902435,-73.64164120390808
18153.0,-39.927868590902435,-73.63714962748747
18153.0,-39.927868590902435,-73.63265805106688
18153.0,-39.927868590902435,-73.62816647464628
18153.0,-39.927868590902435,-73.62367489822569
18153.0,-39.927868590902435,-73.61918332180508
18153.0,-39.927868590902435,-73.61469174538449
18153.0,-39.927868590902435,-73.6102001689639
18153.0,-39.927868590902435,-73.6057085925433
18153.0,-39.927868590902435,-73.6012170161227
18153.0,-39.927868590902435,-73.5967254397021
18153.0,-39.927868590902435,-73.5922338632815
18153.0,-39.927868590902435,-73.5877422868609
19606.0,-39.927868590902435,-73.58325071044031
19606.0,-39.927868590902435,-73.5787591340197
19606.0,-39.927868590902435,-73.57426755759911
19606.0,-39.927868590902435,-73.56977598117851
19606.0,-39.927868590902435,-73.56528440475792
19606.0,-39.927868590902435,-73.56079282833733
19606.0,-39.927868590902435,-73.55630125191672
19606.0,-39.927868590902435,-73.55180967549613
19606.0,-39.927868590902435,-73.54731809907553
19606.0,-39.927868590902435,-73.54282652265493
20053.0,-39.92337701448184,-73.99647574113528
20053.0,-39.92337701448184,-73.9919841647147
20053.0,-39.92337701448184,-73.98749258829409
20053.0,-39.92337701448184,-73.9830010118735
20053.0,-39.92337701448184,-73.97850943545289
20053.0,-39.92337701448184,-73.9740178590323
20053.0,-39.92337701448184,-73.9695262826117
20053.0,-39.92337701448184,-73.9650347061911
20053.0,-39.92337701448184,-73.96054312977051
20053.0,-39.92337701448184,-73.95605155334991
20053.0,-39.92337701448184,-73.95155997692932
20053.0,-39.92337701448184,-73.94706840050871
20053.0,-39.92337701448184,-73.94257682408812
20053.0,-39.92337701448184,-73.93808524766752
20053.0,-39.92337701448184,-73.93359367124692
20053.0,-39.92337701448184,-73.92910209482632
20053.0,-39.92337701448184,-73.92461051840573
20053.0,-39.92337701448184,-73.92011894198512
19180.5,-39.92337701448184,-73.91562736556453
19180.5,-39.92337701448184,-73.91113578914393
19180.5,-39.92337701448184,-73.90664421272334
19180.5,-39.92337701448184,-73.90215263630274
19180.5,-39.92337701448184,-73.89766105988214
19180.5,-39.92337701448184,-73.89316948346155
19180.5,-39.92337701448184,-73.88867790704094
19180.5,-39.92337701448184,-73.88418633062035
19180.5,-39.92337701448184,-73.87969475419975
19180.5,-39.92337701448184,-73.87520317777916
18986.5,-39.92337701448184,-73.87071160135855
18986.5,-39.92337701448184,-73.86622002493796
18986.5,-39.92337701448184,-73.86172844851735
18986.5,-39.92337701448184,-73.85723687209676
18986.5,-39.92337701448184,-73.85274529567616
18986.5,-39.92337701448184,-73.84825371925557
18986.5,-39.92337701448184,-73.84376214283498
18986.5,-39.92337701448184,-73.83927056641437
18986.5,-39.92337701448184,-73.83477898999378
18419.0,-39.92337701448184,-73.83028741357317
18419.0,-39.92337701448184,-73.82579583715258
18419.0,-39.92337701448184,-73.82130426073198
18419.0,-39.92337701448184,-73.81681268431139
18419.0,-39.92337701448184,-73.81232110789078
18419.0,-39.92337701448184,-73.80782953147019
18419.0,-39.92337701448184,-73.80333795504959
18419.0,-39.92337701448184,-73.798846378629
18419.0,-39.92337701448184,-73.79435480220839
18419.0,-39.92337701448184,-73.7898632257878
18419.0,-39.92337701448184,-73.7853716493672
18419.0,-39.92337701448184,-73.7808800729466
18419.0,-39.92337701448184,-73.77638849652601
18419.0,-39.92337701448184,-73.7718969201054
18419.0,-39.92337701448184,-73.76740534368481
18419.0,-39.92337701448184,-73.76291376726421
18419.0,-39.92337701448184,-73.75842219084362
18419.0,-39.92337701448184,-73.75393061442301
18377.0,-39.92337701448184,-73.74943903800242
18377.0,-39.92337701448184,-73.74494746158182
18377.0,-39.92337701448184,-73.74045588516123
18377.0,-39.92337701448184,-73.73596430874062
18377.0,-39.92337701448184,-73.73147273232003
18377.0,-39.92337701448184,-73.72698115589944
18377.0,-39.92337701448184,-73.72248957947883
18377.0,-39.92337701448184,-73.71799800305824
18377.0,-39.92337701448184,-73.71350642663764
18377.0,-39.92337701448184,-73.70901485021705
18143.0,-39.92337701448184,-73.70452327379644
18143.0,-39.92337701448184,-73.70003169737585
18143.0,-39.92337701448184,-73.69554012095524
18143.0,-39.92337701448184,-73.69104854453465
18143.0,-39.92337701448184,-73.68655696811405
18143.0,-39.92337701448184,-73.68206539169346
18143.0,-39.92337701448184,-73.67757381527285
18143.0,-39.92337701448184,-73.67308223885226
18143.0,-39.92337701448184,-73.66859066243167
18153.0,-39.92337701448184,-73.66409908601106
18153.0,-39.92337701448184,-73.65960750959047
18153.0,-39.92337701448184,-73.65511593316987
18153.0,-39.92337701448184,-73.65062435674928
18153.0,-39.92337701448184,-73.64613278032867
18153.0,-39.92337701448184,-73.64164120390808
18153.0,-39.92337701448184,-73.63714962748747
18153.0,-39.92337701448184,-73.63265805106688
18153.0,-39.92337701448184,-73.62816647464628
18153.0,-39.92337701448184,-73.62367489822569
18153.0,-39.92337701448184,-73.61918332180508
18153.0,-39.92337701448184,-73.61469174538449
18153.0,-39.92337701448184,-73.6102001689639
18153.0,-39.92337701448184,-73.6057085925433
18153.0,-39.92337701448184,-73.6012170161227
18153.0,-39.92337701448184,-73.5967254397021
18153.0,-39.92337701448184,-73.5922338632815
18153.0,-39.92337701448184,-73.5877422868609
19606.0,-39.92337701448184,-73.58325071044031
19606.0,-39.92337701448184,-73.5787591340197
19606.0,-39.92337701448184,-73.57426755759911
19606.0,-39.92337701448184,-73.56977598117851
19606.0,-39.92337701448184,-73.56528440475792
19606.0,-39.92337701448184,-73.56079282833733
19606.0,-39.92337701448184,-73.55630125191672
19606.0,-39.92337701448184,-73.55180967549613
19606.0,-39.92337701448184,-73.54731809907553
19606.0,-39.92337701448184,-73.54282652265493
20053.0,-39.91888543806124,-73.99647574113528
20053.0,-39.91888543806124,-73.9919841647147
20053.0,-39.91888543806124,-73.98749258829409
20053.0,-39.91888543806124,-73.9830010118735
20053.0,-39.91888543806124,-73.97850943545289
20053.0,-39.91888543806124,-73.9740178590323
20053.0,-39.91888543806124,-73.9695262826117
20053.0,-39.91888543806124,-73.9650347061911
20053.0,-39.91888543806124,-73.96054312977051
20053.0,-39.91888543806124,-73.95605155334991
20053.0,-39.91888543806124,-73.95155997692932
20053.0,-39.91888543806124,-73.94706840050871
20053.0,-39.91888543806124,-73.94257682408812
20053.0,-39.91888543806124,-73.93808524766752
20053.0,-39.91888543806124,-73.93359367124692
20053.0,-39.91888543806124,-73.92910209482632
20053.0,-39.91888543806124,-73.92461051840573
20053.0,-39.91888543806124,-73.92011894198512
19180.5,-39.91888543806124,-73.91562736556453
19180.5,-39.91888543806124,-73.91113578914393
19180.5,-39.91888543806124,-73.90664421272334
19180.5,-39.91888543806124,-73.90215263630274
19180.5,-39.91888543806124,-73.89766105988214
19180.5,-39.91888543806124,-73.89316948346155
19180.5,-39.91888543806124,-73.88867790704094
19180.5,-39.91888543806124,-73.88418633062035
19180.5,-39.91888543806124,-73.87969475419975
19180.5,-39.91888543806124,-73.87520317777916
18986.5,-39.91888543806124,-73.87071160135855
18986.5,-39.91888543806124,-73.86622002493796
18986.5,-39.91888543806124,-73.86172844851735
18986.5,-39.91888543806124,-73.85723687209676
18986.5,-39.91888543806124,-73.85274529567616
18986.5,-39.91888543806124,-73.84825371925557
18986.5,-39.91888543806124,-73.84376214283498
18986.5,-39.91888543806124,-73.83927056641437
18986.5,-39.91888543806124,-73.83477898999378
18419.0,-39.91888543806124,-73.83028741357317
18419.0,-39.91888543806124,-73.82579583715258
18419.0,-39.91888543806124,-73.82130426073198
18419.0,-39.91888543806124,-73.81681268431139
18419.0,-39.91888543806124,-73.81232110789078
18419.0,-39.91888543806124,-73.80782953147019
18419.0,-39.91888543806124,-73.80333795504959
18419.0,-39.91888543806124,-73.798846378629
18419.0,-39.91888543806124,-73.79435480220839
18419.0,-39.91888543806124,-73.7898632257878
18419.0,-39.91888543806124,-73.7853716493672
18419.0,-39.91888543806124,-73.7808800729466
18419.0,-39.91888543806124,-73.77638849652601
18419.0,-39.91888543806124,-73.7718969201054
18419.0,-39.91888543806124,-73.76740534368481
18419.0,-39.91888543806124,-73.76291376726421
18419.0,-39.91888543806124,-73.75842219084362
18419.0,-39.91888543806124,-73.75393061442301
18377.0,-39.91888543806124,-73.74943903800242
18377.0,-39.91888543806124,-73.74494746158182
18377.0,-39.91888543806124,-73.74045588516123
18377.0,-39.91888543806124,-73.73596430874062
18377.0,-39.91888543806124,-73.73147273232003
18377.0,-39.91888543806124,-73.72698115589944
18377.0,-39.91888543806124,-73.72248957947883
18377.0,-39.91888543806124,-73.71799800305824
18377.0,-39.91888543806124,-73.71350642663764
18377.0,-39.91888543806124,-73.70901485021705
18143.0,-39.91888543806124,-73.70452327379644
18143.0,-39.91888543806124,-73.70003169737585
18143.0,-39.91888543806124,-73.69554012095524
18143.0,-39.91888543806124,-73.69104854453465
18143.0,-39.91888543806124,-73.68655696811405
18143.0,-39.91888543806124,-73.68206539169346
18143.0,-39.91888543806124,-73.67757381527285
18143.0,-39.91888543806124,-73.67308223885226
18143.0,-39.91888543806124,-73.66859066243167
18153.0,-39.91888543806124,-73.66409908601106
18153.0,-39.91888543806124,-73.65960750959047
18153.0,-39.91888543806124,-73.65511593316987
18153.0,-39.91888543806124,-73.65062435674928
18153.0,-39.91888543806124,-73.64613278032867
18153.0,-39.91888543806124,-73.64164120390808
18153.0,-39.91888543806124,-73.63714962748747
18153.0,-39.91888543806124,-73.63265805106688
18153.0,-39.91888543806124,-73.62816647464628
18153.0,-39.91888543806124,-73.62367489822569
18153.0,-39.91888543806124,-73.61918332180508
18153.0,-39.91888543806124,-73.61469174538449
18153.0,-39.91888543806124,-73.6102001689639
18153.0,-39.91888543806124,-73.6057085925433
18153.0,-39.91888543806124,-73.6012170161227
18153.0,-39.91888543806124,-73.5967254397021
18153.0,-39.91888543806124,-73.5922338632815
18153.0,-39.91888543806124,-73.5877422868609
19606.0,-39.91888543806124,-73.58325071044031
19606.0,-39.91888543806124,-73.5787591340197
19606.0,-39.91888543806124,-73.57426755759911
19606.0,-39.91888543806124,-73.56977598117851
19606.0,-39.91888543806124,-73.56528440475792
19606.0,-39.91888543806124,-73.56079282833733
19606.0,-39.91888543806124,-73.55630125191672
19606.0,-39.91888543806124,-73.55180967549613
19606.0,-39.91888543806124,-73.54731809907553
19606.0,-39.91888543806124,-73.54282652265493
19863.5,-39.91439386164064,-73.99647574113528
19863.5,-39.91439386164064,-73.9919841647147
19863.5,-39.91439386164064,-73.98749258829409
19863.5,-39.91439386164064,-73.9830010118735
19863.5,-39.91439386164064,-73.97850943545289
19863.5,-39.91439386164064,-73.9740178590323
19863.5,-39.91439386164064,-73.9695262826117
19863.5,-39.91439386164064,-73.9650347061911
19863.5,-39.91439386164064,-73.96054312977051
19367.0,-39.91439386164064,-73.95605155334991
19367.0,-39.91439386164064,-73.95155997692932
19367.0,-39.91439386164064,-73.94706840050871
19367.0,-39.91439386164064,-73.94257682408812
19367.0,-39.91439386164064,-73.93808524766752
19367.0,-39.91439386164064,-73.93359367124692
19367.0,-39.91439386164064,-73.92910209482632
19367.0,-39.91439386164064,-73.92461051840573
19367.0,-39.91439386164064,-73.92011894198512
19367.0,-39.91439386164064,-73.91562736556453
19367.0,-39.91439386164064,-73.91113578914393
19367.0,-39.91439386164064,-73.90664421272334
19367.0,-39.91439386164064,-73.90215263630274
19367.0,-39.91439386164064,-73.89766105988214
19367.0,-39.91439386164064,-73.89316948346155
19367.0,-39.91439386164064,-73.88867790704094
19367.0,-39.91439386164064,-73.88418633062035
19367.0,-39.91439386164064,-73.87969475419975
19367.0,-39.91439386164064,-73.87520317777916
18633.5,-39.91439386164064,-73.87071160135855
18633.5,-39.91439386164064,-73.86622002493796
18633.5,-39.91439386164064,-73.86172844851735
18633.5,-39.91439386164064,-73.85723687209676
18633.5,-39.91439386164064,-73.85274529567616
18633.5,-39.91439386164064,-73.84825371925557
18633.5,-39.91439386164064,-73.84376214283498
18633.5,-39.91439386164064,-73.83927056641437
18633.5,-39.91439386164064,-73.83477898999378
18322.0,-39.91439386164064,-73.83028741357317
18322.0,-39.91439386164064,-73.82579583715258
18322.0,-39.91439386164064,-73.82130426073198
18322.0,-39.91439386164064,-73.81681268431139
18322.0,-39.91439386164064,-73.81232110789078
18322.0,-39.91439386164064,-73.80782953147019
18322.0,-39.91439386164064,-73.80333795504959
18322.0,-39.91439386164064,-73.798846378629
18322.0,-39.91439386164064,-73.79435480220839
18085.0,-39.91439386164064,-73.7898632257878
18085.0,-39.91439386164064,-73.7853716493672
18085.0,-39.91439386164064,-73.7808800729466
18085.0,-39.91439386164064,-73.77638849652601
18085.0,-39.91439386164064,-73.7718969201054
18085.0,-39.91439386164064,-73.76740534368481
18085.0,-39.91439386164064,-73.76291376726421
18085.0,-39.91439386164064,-73.75842219084362
18085.0,-39.91439386164064,-73.75393061442301
18085.0,-39.91439386164064,-73.74943903800242
18085.0,-39.91439386164064,-73.74494746158182
18085.0,-39.91439386164064,-73.74045588516123
18085.0,-39.91439386164064,-73.73596430874062
18085.0,-39.91439386164064,-73.73147273232003
18085.0,-39.91439386164064,-73.72698115589944
18085.0,-39.91439386164064,-73.72248957947883
18085.0,-39.91439386164064,-73.71799800305824
18085.0,-39.91439386164064,-73.71350642663764
18085.0,-39.91439386164064,-73.70901485021705
18244.0,-39.91439386164064,-73.70452327379644
18244.0,-39.91439386164064,-73.70003169737585
18244.0,-39.91439386164064,-73.69554012095524
18244.0,-39.91439386164064,-73.69104854453465
18244.0,-39.91439386164064,-73.68655696811405
18244.0,-39.91439386164064,-73.68206539169346
18244.0,-39.91439386164064,-73.67757381527285
18244.0,-39.91439386164064,-73.67308223885226
18244.0,-39.91439386164064,-73.66859066243167
17901.0,-39.91439386164064,-73.66409908601106
17901.0,-39.91439386164064,-73.65960750959047
17901.0,-39.91439386164064,-73.65511593316987
17901.0,-39.91439386164064,-73.65062435674928
17901.0,-39.91439386164064,-73.64613278032867
17901.0,-39.91439386164064,-73.64164120390808
17901.0,-39.91439386164064,-73.63714962748747
17901.0,-39.91439386164064,-73.63265805106688
17901.0,-39.91439386164064,-73.62816647464628
18104.5,-39.91439386164064,-73.62367489822569
18104.5,-39.91439386164064,-73.61918332180508
18104.5,-39.91439386164064,-73.61469174538449
18104.5,-39.91439386164064,-73.6102001689639
18104.5,-39.91439386164064,-73.6057085925433
18104.5,-39.91439386164064,-73.6012170161227
18104.5,-39.91439386164064,-73.5967254397021
18104.5,-39.91439386164064,-73.5922338632815
18104.5,-39.91439386164064,-73.5877422868609
18104.5,-39.91439386164064,-73.58325071044031
18104.5,-39.91439386164064,-73.5787591340197
18104.5,-39.91439386164064,-73.57426755759911
18104.5,-39.91439386164064,-73.56977598117851
18104.5,-39.91439386164064,-73.56528440475792
18104.5,-39.91439386164064,-73.56079282833733
18104.5,-39.91439386164064,-73.55630125191672
18104.5,-39.91439386164064,-73.55180967549613
18104.5,-39.91439386164064,-73.54731809907553
18104.5,-39.91439386164064,-73.54282652265493
20274.5,-39.91439386164064,-73.53833494623433
20274.5,-39.91439386164064,-73.53384336981374
20274.5,-39.91439386164064,-73.52935179339313
20274.5,-39.91439386164064,-73.52486021697254
20274.5,-39.91439386164064,-73.52036864055194
20274.5,-39.91439386164064,-73.51587706413135
20274.5,-39.91439386164064,-73.51138548771074
20274.5,-39.91439386164064,-73.50689391129015
20274.5,-39.91439386164064,-73.50240233486956
19863.5,-39.90990228522004,-73.99647574113528
19863.5,-39.90990228522004,-73.9919841647147
19863.5,-39.90990228522004,-73.98749258829409
19863.5,-39.90990228522004,-73.9830010118735
19863.5,-39.90990228522004,-73.97850943545289
19863.5,-39.90990228522004,-73.9740178590323
19863.5,-39.90990228522004,-73.9695262826117
19863.5,-39.90990228522004,-73.9650347061911
19863.5,-39.90990228522004,-73.96054312977051
19367.0,-39.90990228522004,-73.95605155334991
19367.0,-39.90990228522004,-73.95155997692932
19367.0,-39.90990228522004,-73.94706840050871
19367.0,-39.90990228522004,-73.94257682408812
19367.0,-39.90990228522004,-73.93808524766752
19367.0,-39.90990228522004,-73.93359367124692
19367.0,-39.90990228522004,-73.92910209482632
19367.0,-39.90990228522004,-73.92461051840573
19367.0,-39.90990228522004,-73.92011894198512
19367.0,-39.90990228522004,-73.91562736556453
19367.0,-39.90990228522004,-73.91113578914393
19367.0,-39.90990228522004,-73.90664421272334
19367.0,-39.90990228522004,-73.90215263630274
19367.0,-39.90990228522004,-73.89766105988214
19367.0,-39.90990228522004,-73.89316948346155
19367.0,-39.90990228522004,-73.88867790704094
19367.0,-39.90990228522004,-73.88418633062035
19367.0,-39.90990228522004,-73.87969475419975
19367.0,-39.90990228522004,-73.87520317777916
18633.5,-39.90990228522004,-73.87071160135855
18633.5,-39.90990228522004,-73.86622002493796
18633.5,-39.90990228522004,-73.86172844851735
18633.5,-39.90990228522004,-73.85723687209676
18633.5,-39.90990228522004,-73.85274529567616
18633.5,-39.90990228522004,-73.84825371925557
18633.5,-39.90990228522004,-73.84376214283498
18633.5,-39.90990228522004,-73.83927056641437
18633.5,-39.90990228522004,-73.83477898999378
18322.0,-39.90990228522004,-73.83028741357317
18322.0,-39.90990228522004,-73.82579583715258
18322.0,-39.90990228522004,-73.82130426073198
18322.0,-39.90990228522004,-73.81681268431139
18322.0,-39.90990228522004,-73.81232110789078
18322.0,-39.90990228522004,-73.80782953147019
18322.0,-39.90990228522004,-73.80333795504959
18322.0,-39.90990228522004,-73.798846378629
18322.0,-39.90990228522004,-73.79435480220839
18085.0,-39.90990228522004,-73.7898632257878
18085.0,-39.90990228522004,-73.7853716493672
18085.0,-39.90990228522004,-73.7808800729466
18085.0,-39.90990228522004,-73.77638849652601
18085.0,-39.90990228522004,-73.7718969201054
18085.0,-39.90990228522004,-73.76740534368481
18085.0,-39.90990228522004,-73.76291376726421
18085.0,-39.90990228522004,-73.75842219084362
18085.0,-39.90990228522004,-73.75393061442301
18085.0,-39.90990228522004,-73.74943903800242
18085.0,-39.90990228522004,-73.74494746158182
18085.0,-39.90990228522004,-73.74045588516123
18085.0,-39.90990228522004,-73.73596430874062
18085.0,-39.90990228522004,-73.73147273232003
18085.0,-39.90990228522004,-73.72698115589944
18085.0,-39.90990228522004,-73.72248957947883
18085.0,-39.90990228522004,-73.71799800305824
18085.0,-39.90990228522004,-73.71350642663764
18085.0,-39.90990228522004,-73.70901485021705
18244.0,-39.90990228522004,-73.70452327379644
18244.0,-39.90990228522004,-73.70003169737585
18244.0,-39.90990228522004,-73.69554012095524
18244.0,-39.90990228522004,-73.69104854453465
18244.0,-39.90990228522004,-73.68655696811405
18244.0,-39.90990228522004,-73.68206539169346
18244.0,-39.90990228522004,-73.67757381527285
18244.0,-39.90990228522004,-73.67308223885226
18244.0,-39.90990228522004,-73.66859066243167
17901.0,-39.90990228522004,-73.66409908601106
17901.0,-39.90990228522004,-73.65960750959047
17901.0,-39.90990228522004,-73.65511593316987
17901.0,-39.90990228522004,-73.65062435674928
17901.0,-39.90990228522004,-73.64613278032867
17901.0,-39.90990228522004,-73.64164120390808
17901.0,-39.90990228522004,-73.63714962748747
17901.0,-39.90990228522004,-73.63265805106688
17901.0,-39.90990228522004,-73.62816647464628
18104.5,-39.90990228522004,-73.62367489822569
18104.5,-39.90990228522004,-73.61918332180508
18104.5,-39.90990228522004,-73.61469174538449
18104.5,-39.90990228522004,-73.6102001689639
18104.5,-39.90990228522004,-73.6057085925433
18104.5,-39.90990228522004,-73.6012170161227
18104.5,-39.90990228522004,-73.5967254397021
18104.5,-39.90990228522004,-73.5922338632815
18104.5,-39.90990228522004,-73.5877422868609
18104.5,-39.90990228522004,-73.58325071044031
18104.5,-39.90990228522004,-73.5787591340197
18104.5,-39.90990228522004,-73.57426755759911
18104.5,-39.90990228522004,-73.56977598117851
18104.5,-39.90990228522004,-73.56528440475792
18104.5,-39.90990228522004,-73.56079282833733
18104.5,-39.90990228522004,-73.55630125191672
18104.5,-39.90990228522004,-73.55180967549613
18104.5,-39.90990228522004,-73.54731809907553
18104.5,-39.90990228522004,-73.54282652265493
20274.5,-39.90990228522004,-73.53833494623433
20274.5,-39.90990228522004,-73.53384336981374
20274.5,-39.90990228522004,-73.52935179339313
20274.5,-39.90990228522004,-73.52486021697254
20274.5,-39.90990228522004,-73.52036864055194
20274.5,-39.90990228522004,-73.51587706413135
20274.5,-39.90990228522004,-73.51138548771074
20274.5,-39.90990228522004,-73.50689391129015
20274.5,-39.90990228522004,-73.50240233486956
19863.5,-39.905410708799444,-73.99647574113528
19863.5,-39.905410708799444,-73.9919841647147
19863.5,-39.905410708799444,-73.98749258829409
19863.5,-39.905410708799444,-73.9830010118735
19863.5,-39.905410708799444,-73.97850943545289
19863.5,-39.905410708799444,-73.9740178590323
19863.5,-39.905410708799444,-73.9695262826117
19863.5,-39.905410708799444,-73.9650347061911
19863.5,-39.905410708799444,-73.96054312977051
19367.0,-39.905410708799444,-73.95605155334991
19367.0,-39.905410708799444,-73.95155997692932
19367.0,-39.905410708799444,-73.94706840050871
19367.0,-39.905410708799444,-73.94257682408812
19367.0,-39.905410708799444,-73.93808524766752
19367.0,-39.905410708799444,-73.93359367124692
19367.0,-39.905410708799444,-73.92910209482632
19367.0,-39.905410708799444,-73.92461051840573
19367.0,-39.905410708799444,-73.92011894198512
19367.0,-39.905410708799444,-73.91562736556453
19367.0,-39.905410708799444,-73.91113578914393
19367.0,-39.905410708799444,-73.90664421272334
19367.0,-39.905410708799444,-73.90215263630274
19367.0,-39.905410708799444,-73.89766105988214
19367.0,-39.905410708799444,-73.89316948346155
19367.0,-39.905410708799444,-73.88867790704094
19367.0,-39.905410708799444,-73.88418633062035
19367.0,-39.905410708799444,-73.87969475419975
19367.0,-39.905410708799444,-73.87520317777916
18633.5,-39.905410708799444,-73.87071160135855
18633.5,-39.905410708799444,-73.86622002493796
18633.5,-39.905410708799444,-73.86172844851735
18633.5,-39.905410708799444,-73.85723687209676
18633.5,-39.905410708799444,-73.85274529567616
18633.5,-39.905410708799444,-73.84825371925557
18633.5,-39.905410708799444,-73.84376214283498
18633.5,-39.905410708799444,-73.83927056641437
18633.5,-39.905410708799444,-73.83477898999378
18322.0,-39.905410708799444,-73.83028741357317
18322.0,-39.905410708799444,-73.82579583715258
18322.0,-39.905410708799444,-73.82130426073198
18322.0,-39.905410708799444,-73.81681268431139
18322.0,-39.905410708799444,-73.81232110789078
18322.0,-39.905410708799444,-73.80782953147019
18322.0,-39.905410708799444,-73.80333795504959
18322.0,-39.905410708799444,-73.798846378629
18322.0,-39.905410708799444,-73.79435480220839
18085.0,-39.905410708799444,-73.7898632257878
18085.0,-39.905410708799444,-73.7853716493672
18085.0,-39.905410708799444,-73.7808800729466
18085.0,-39.905410708799444,-73.77638849652601
18085.0,-39.905410708799444,-73.7718969201054
18085.0,-39.905410708799444,-73.76740534368481
18085.0,-39.905410708799444,-73.76291376726421
18085.0,-39.905410708799444,-73.75842219084362
18085.0,-39.905410708799444,-73.75393061442301
18085.0,-39.905410708799444,-73.74943903800242
18085.0,-39.905410708799444,-73.74494746158182
18085.0,-39.905410708799444,-73.74045588516123
18085.0,-39.905410708799444,-73.73596430874062
18085.0,-39.905410708799444,-73.73147273232003
18085.0,-39.905410708799444,-73.72698115589944
18085.0,-39.905410708799444,-73.72248957947883
18085.0,-39.905410708799444,-73.71799800305824
18085.0,-39.905410708799444,-73.71350642663764
18085.0,-39.905410708799444,-73.70901485021705
18244.0,-39.905410708799444,-73.70452327379644
18244.0,-39.905410708799444,-73.70003169737585
18244.0,-39.905410708799444,-73.69554012095524
18244.0,-39.905410708799444,-73.69104854453465
18244.0,-39.905410708799444,-73.68655696811405
18244.0,-39.905410708799444,-73.68206539169346
18244.0,-39.905410708799444,-73.67757381527285
18244.0,-39.905410708799444,-73.67308223885226
18244.0,-39.905410708799444,-73.66859066243167
17901.0,-39.905410708799444,-73.66409908601106
17901.0,-39.905410708799444,-73.65960750959047
17901.0,-39.905410708799444,-73.65511593316987
17901.0,-39.905410708799444,-73.65062435674928
17901.0,-39.905410708799444,-73.64613278032867
17901.0,-39.905410708799444,-73.64164120390808
17901.0,-39.905410708799444,-73.63714962748747
17901.0,-39.905410708799444,-73.63265805106688
17901.0,-39.905410708799444,-73.62816647464628
18104.5,-39.905410708799444,-73.62367489822569
18104.5,-39.905410708799444,-73.61918332180508
18104.5,-39.905410708799444,-73.61469174538449
18104.5,-39.905410708799444,-73.6102001689639
18104.5,-39.905410708799444,-73.6057085925433
18104.5,-39.905410708799444,-73.6012170161227
18104.5,-39.905410708799444,-73.5967254397021
18104.5,-39.905410708799444,-73.5922338632815
18104.5,-39.905410708799444,-73.5877422868609
18104.5,-39.905410708799444,-73.58325071044031
18104.5,-39.905410708799444,-73.5787591340197
18104.5,-39.905410708799444,-73.57426755759911
18104.5,-39.905410708799444,-73.56977598117851
18104.5,-39.905410708799444,-73.56528440475792
18104.5,-39.905410708799444,-73.56079282833733
18104.5,-39.905410708799444,-73.55630125191672
18104.5,-39.905410708799444,-73.55180967549613
18104.5,-39.905410708799444,-73.54731809907553
18104.5,-39.905410708799444,-73.54282652265493
20274.5,-39.905410708799444,-73.53833494623433
20274.5,-39.905410708799444,-73.53384336981374
20274.5,-39.905410708799444,-73.52935179339313
20274.5,-39.905410708799444,-73.52486021697254
20274.5,-39.905410708799444,-73.52036864055194
20274.5,-39.905410708799444,-73.51587706413135
20274.5,-39.905410708799444,-73.51138548771074
20274.5,-39.905410708799444,-73.50689391129015
20274.5,-39.905410708799444,-73.50240233486956
19863.5,-39.900919132378846,-73.99647574113528
19863.5,-39.900919132378846,-73.9919841647147
19863.5,-39.900919132378846,-73.98749258829409
19863.5,-39.900919132378846,-73.9830010118735
19863.5,-39.900919132378846,-73.97850943545289
19863.5,-39.900919132378846,-73.9740178590323
19863.5,-39.900919132378846,-73.9695262826117
19863.5,-39.900919132378846,-73.9650347061911
19863.5,-39.900919132378846,-73.96054312977051
19367.0,-39.900919132378846,-73.95605155334991
19367.0,-39.900919132378846,-73.95155997692932
19367.0,-39.900919132378846,-73.94706840050871
19367.0,-39.900919132378846,-73.94257682408812
19367.0,-39.900919132378846,-73.93808524766752
19367.0,-39.900919132378846,-73.93359367124692
19367.0,-39.900919132378846,-73.92910209482632
19367.0,-39.900919132378846,-73.92461051840573
19367.0,-39.900919132378846,-73.92011894198512
19367.0,-39.900919132378846,-73.91562736556453
19367.0,-39.900919132378846,-73.91113578914393
19367.0,-39.900919132378846,-73.90664421272334
19367.0,-39.900919132378846,-73.90215263630274
19367.0,-39.900919132378846,-73.89766105988214
19367.0,-39.900919132378846,-73.89316948346155
19367.0,-39.900919132378846,-73.88867790704094
19367.0,-39.900919132378846,-73.88418633062035
19367.0,-39.900919132378846,-73.87969475419975
19367.0,-39.900919132378846,-73.87520317777916
18633.5,-39.900919132378846,-73.87071160135855
18633.5,-39.900919132378846,-73.86622002493796
18633.5,-39.900919132378846,-73.86172844851735
18633.5,-39.900919132378846,-73.85723687209676
18633.5,-39.900919132378846,-73.85274529567616
18633.5,-39.900919132378846,-73.84825371925557
18633.5,-39.900919132378846,-73.84376214283498
18633.5,-39.900919132378846,-73.83927056641437
18633.5,-39.900919132378846,-73.83477898999378
18322.0,-39.900919132378846,-73.83028741357317
18322.0,-39.900919132378846,-73.82579583715258
18322.0,-39.900919132378846,-73.82130426073198
18322.0,-39.900919132378846,-73.81681268431139
18322.0,-39.900919132378846,-73.81232110789078
18322.0,-39.900919132378846,-73.80782953147019
18322.0,-39.900919132378846,-73.80333795504959
18322.0,-39.900919132378846,-73.798846378629
18322.0,-39.900919132378846,-73.79435480220839
18085.0,-39.900919132378846,-73.7898632257878
18085.0,-39.900919132378846,-73.7853716493672
18085.0,-39.900919132378846,-73.7808800729466
18085.0,-39.900919132378846,-73.77638849652601
18085.0,-39.900919132378846,-73.7718969201054
18085.0,-39.900919132378846,-73.76740534368481
18085.0,-39.900919132378846,-73.76291376726421
18085.0,-39.900919132378846,-73.75842219084362
18085.0,-39.900919132378846,-73.75393061442301
18085.0,-39.900919132378846,-73.74943903800242
18085.0,-39.900919132378846,-73.74494746158182
18085.0,-39.900919132378846,-73.74045588516123
18085.0,-39.900919132378846,-73.73596430874062
18085.0,-39.900919132378846,-73.73147273232003
18085.0,-39.900919132378846,-73.72698115589944
18085.0,-39.900919132378846,-73.72248957947883
18085.0,-39.900919132378846,-73.71799800305824
18085.0,-39.900919132378846,-73.71350642663764
18085.0,-39.900919132378846,-73.70901485021705
18244.0,-39.900919132378846,-73.70452327379644
18244.0,-39.900919132378846,-73.70003169737585
18244.0,-39.900919132378846,-73.69554012095524
18244.0,-39.900919132378846,-73.69104854453465
18244.0,-39.900919132378846,-73.68655696811405
18244.0,-39.900919132378846,-73.68206539169346
18244.0,-39.900919132378846,-73.67757381527285
18244.0,-39.900919132378846,-73.67308223885226
18244.0,-39.900919132378846,-73.66859066243167
17901.0,-39.900919132378846,-73.66409908601106
17901.0,-39.900919132378846,-73.65960750959047
17901.0,-39.900919132378846,-73.65511593316987
17901.0,-39.900919132378846,-73.65062435674928
17901.0,-39.900919132378846,-73.64613278032867
17901.0,-39.900919132378846,-73.64164120390808
17901.0,-39.900919132378846,-73.63714962748747
17901.0,-39.900919132378846,-73.63265805106688
17901.0,-39.900919132378846,-73.62816647464628
18104.5,-39.900919132378846,-73.62367489822569
18104.5,-39.900919132378846,-73.61918332180508
18104.5,-39.900919132378846,-73.61469174538449
18104.5,-39.900919132378846,-73.6102001689639
18104.5,-39.900919132378846,-73.6057085925433
18104.5,-39.900919132378846,-73.6012170161227
18104.5,-39.900919132378846,-73.5967254397021
18104.5,-39.900919132378846,-73.5922338632815
18104.5,-39.900919132378846,-73.5877422868609
18104.5,-39.900919132378846,-73.58325071044031
18104.5,-39.900919132378846,-73.5787591340197
18104.5,-39.900919132378846,-73.57426755759911
18104.5,-39.900919132378846,-73.56977598117851
18104.5,-39.900919132378846,-73.56528440475792
18104.5,-39.900919132378846,-73.56079282833733
18104.5,-39.900919132378846,-73.55630125191672
18104.5,-39.900919132378846,-73.55180967549613
18104.5,-39.900919132378846,-73.54731809907553
18104.5,-39.900919132378846,-73.54282652265493
20274.5,-39.900919132378846,-73.53833494623433
20274.5,-39.900919132378846,-73.53384336981374
20274.5,-39.900919132378846,-73.52935179339313
20274.5,-39.900919132378846,-73.52486021697254
20274.5,-39.900919132378846,-73.52036864055194
20274.5,-39.900919132378846,-73.51587706413135
20274.5,-39.900919132378846,-73.51138548771074
20274.5,-39.900919132378846,-73.50689391129015
20274.5,-39.900919132378846,-73.50240233486956
